seq,time_ms,temp_C,bus_V,current_A,status,crc_ok,segment,rx_sample,sync_quality
0,0,21.01,27.997,1.812,9,True,0,19992,0.88
1,1000,21.17,27.987,1.837,1,True,0,21208,0.982
2,2000,21.45,28.014,1.845,1,True,0,22424,1.069
3,3000,21.35,27.981,1.889,1,False,0,23640,1.03
4,4000,21.4,27.987,1.891,1,True,0,24856,0.99
5,5000,21.72,27.979,1.937,1,True,0,26072,0.959
6,6000,21.99,28.008,1.966,1,True,0,27288,1.02
7,7000,22.24,27.972,2.0,1,True,0,28504,1.027
8,8000,22.34,27.985,2.0,1,True,0,29720,1.007
9,9000,22.31,27.972,2.039,1,True,0,30936,0.963
10,10000,22.45,27.975,2.049,1,True,0,32152,0.955
11,11000,22.75,27.982,2.074,1,True,0,33368,0.938
12,12000,22.78,27.973,2.095,1,True,0,34584,1.025
13,13000,23.13,27.948,2.119,1,True,0,35800,0.998
14,14000,23.25,27.987,2.1,1,True,0,37016,1.015
15,15000,23.22,27.999,2.138,1,True,0,38232,1.037
16,16000,23.56,27.994,2.107,1,True,0,39448,1.01
17,17000,23.39,27.965,2.11,1,True,0,40664,0.943
18,18000,23.5,27.971,2.1,1,True,0,41880,1.09
19,19000,23.82,27.938,2.07,1,True,0,43096,1.004
20,20000,23.82,27.936,2.107,1,True,0,44312,0.985
21,21000,23.92,27.964,2.053,1,True,0,45528,1.027
22,22000,24.24,27.982,2.055,1,True,0,46744,0.963
23,23000,23.96,27.955,2.037,1,True,0,47960,1.092
24,24000,24.37,27.939,2.039,1,True,0,49176,0.991
25,25000,24.23,27.936,1.998,1,True,0,50392,1.039
26,26000,24.45,27.988,1.958,1,True,0,51608,1.107
27,27000,24.46,27.938,1.906,1,True,0,52824,1.009
28,28000,24.47,27.956,1.912,1,True,0,54040,0.926
29,29000,24.79,27.926,1.905,1,True,0,55256,1.05
30,30000,24.69,27.971,1.833,1,True,0,56472,1.005
31,31000,24.7,27.942,1.833,1,True,0,57688,0.888
32,32000,24.84,27.924,1.755,1,True,0,58904,0.978
33,33000,24.73,27.944,1.772,1,True,0,60120,0.978
34,34000,24.89,27.91,1.74,1,True,0,61336,0.961
35,35000,24.81,27.915,1.707,1,True,0,62552,1.003
36,36000,24.74,27.935,1.655,1,True,0,63768,0.86
37,37000,24.99,27.924,1.645,1,True,0,64984,1.073
38,38000,25.06,27.908,1.644,1,True,0,66200,1.01
39,39000,25.07,27.938,1.616,1,True,0,67416,1.053
40,40000,25.07,27.936,1.574,1,True,0,68632,0.998
41,41000,24.84,27.915,1.539,1,True,0,69848,1.01
42,42000,24.83,27.921,1.527,1,True,0,71064,0.991
43,43000,24.85,27.893,1.53,1,True,0,72280,0.903
44,44000,24.96,27.938,1.514,1,True,0,73496,1.012
45,45000,24.99,27.938,1.529,1,True,0,74712,1.095
46,46000,24.61,27.932,1.508,1,True,0,75928,0.985
47,47000,24.85,27.913,1.507,1,True,0,77144,1.015
48,48000,24.79,27.896,1.463,1,True,0,78360,0.949
49,49000,24.68,27.885,1.526,1,True,0,79576,0.988
50,50000,24.6,27.901,1.495,9,True,0,80792,1.014
51,51000,24.51,27.897,1.492,1,True,0,82008,0.929
52,52000,24.52,27.893,1.511,1,True,0,83224,1.005
53,53000,24.17,27.904,1.544,1,True,0,84440,0.949
54,54000,24.27,27.887,1.604,1,True,0,85656,1.026
55,55000,24.22,27.891,1.558,1,True,0,86872,0.983
56,56000,24.3,27.906,1.631,1,True,0,88088,1.02
57,57000,24.04,27.904,1.642,1,True,0,89304,0.965
58,58000,23.99,27.88,1.631,1,True,0,90520,0.969
59,59000,23.92,27.843,1.683,1,True,0,91736,1.044
60,60000,23.68,27.859,1.728,1,True,0,92952,1.13
61,61000,23.56,27.869,1.755,1,True,0,94168,1.027
62,62000,23.4,27.903,1.782,1,True,0,95384,1.0
63,63000,23.28,27.835,1.778,1,True,0,96600,0.984
64,64000,23.3,27.87,1.829,1,True,0,97816,1.042
65,65000,23.22,27.844,1.852,1,True,0,99032,0.977
66,66000,22.87,27.879,1.88,1,True,0,100248,0.961
67,67000,22.72,27.833,1.936,1,True,0,101464,1.012
68,68000,22.71,27.854,1.951,1,True,0,102680,0.935
69,69000,22.36,27.852,2.001,1,True,0,103896,0.966
70,70000,22.35,27.906,1.981,1,True,0,105112,1.015
71,71000,22.24,27.854,2.03,1,True,0,106328,0.978
72,72000,22.03,27.844,2.02,1,True,0,107544,1.038
73,73000,22.18,27.852,2.014,1,True,0,108760,1.008
74,74000,21.65,27.865,2.059,1,True,0,109976,0.973
75,75000,21.7,27.87,2.078,1,True,0,111192,1.011
76,76000,21.35,27.827,2.076,1,True,0,112408,0.972
77,77000,21.09,27.87,2.128,1,True,0,113624,0.957
78,78000,20.96,27.82,2.064,1,True,0,114840,1.071
79,79000,20.82,27.779,2.076,1,True,0,116056,0.952
80,80000,20.89,27.833,2.113,1,True,0,117272,0.991
81,81000,20.55,27.873,2.094,1,True,0,118488,0.976
82,82000,20.4,27.887,2.075,1,True,0,119704,1.03
83,83000,20.16,27.838,2.069,1,True,0,120920,1.061
84,84000,20.23,27.813,2.072,1,True,0,122136,0.994
85,85000,20.06,27.816,2.042,1,True,0,123352,1.084
86,86000,19.74,27.874,2.006,1,True,0,124568,1.053
87,87000,19.62,27.804,1.991,1,True,0,125784,1.033
88,88000,19.52,27.839,1.963,1,True,0,127000,0.957
89,89000,19.35,27.793,1.933,1,True,0,128216,1.0
90,90000,19.5,27.84,1.908,1,True,0,129432,0.893
91,91000,18.95,27.798,1.895,1,True,0,130648,0.974
92,92000,18.95,27.801,1.841,1,True,0,131864,0.995
93,93000,18.95,27.823,1.829,1,True,0,133080,1.041
115,115000,16.88,27.766,1.536,1,True,1,159824,0.603
116,116000,17.17,27.78,1.522,1,True,1,161040,1.039
117,117000,17.2,27.758,1.553,1,True,1,162256,1.005
118,118000,17.14,27.763,1.584,1,True,1,163472,0.937
119,119000,17.02,27.778,1.634,1,True,1,164688,1.041
120,120000,16.87,27.799,1.657,1,True,1,165904,0.99
121,121000,16.99,27.741,1.645,1,True,1,167120,0.936
122,122000,17.06,27.743,1.677,1,True,1,168336,1.003
123,123000,17.16,27.761,1.713,1,True,1,169552,0.983
124,124000,17.19,27.779,1.728,1,True,1,170768,1.08
125,125000,17.1,27.768,1.794,1,True,1,171984,0.912
126,126000,17.23,27.771,1.788,1,True,1,173200,0.983
127,127000,17.11,27.728,1.842,1,True,1,174416,1.052
128,128000,17.24,27.734,1.849,1,True,1,175632,1.006
129,129000,17.33,27.721,1.905,1,True,1,176848,1.006
130,130000,17.54,27.73,1.921,1,True,1,178064,0.966
131,16908216,17.48,27.748,1.954,1,False,1,179280,1.034
132,132000,17.78,27.714,1.984,1,True,1,180496,0.954
133,133000,17.76,27.726,2.012,1,True,1,181712,0.996
134,134000,17.66,27.774,1.995,1,True,1,182928,0.977
135,135000,18.0,27.707,2.064,1,True,1,184144,1.066
136,136000,17.97,27.731,2.058,1,True,1,185360,0.941
137,137000,18.23,27.719,2.012,1,True,1,186576,1.041
138,138000,18.15,27.727,2.074,1,True,1,187792,1.022
139,139000,18.42,27.742,2.088,1,True,1,189008,0.968
140,140000,18.32,27.747,2.118,1,True,1,190224,1.015
141,141000,18.57,27.76,2.092,1,True,1,191440,1.09
142,142000,18.61,27.712,2.12,1,True,1,192656,1.044
143,143000,18.77,27.753,2.078,1,True,1,193872,1.045
144,144000,19.09,27.722,2.086,1,True,1,195088,0.966
145,145000,19.24,27.68,2.107,1,True,1,196304,1.014
146,146000,19.27,27.697,2.083,1,True,1,197520,1.064
147,147000,19.53,27.721,2.093,1,True,1,198736,1.025
148,148000,19.69,27.729,2.025,1,False,1,199952,1.084
149,149000,19.74,27.713,2.016,1,True,1,201168,1.044
150,150000,19.91,27.708,2.011,9,True,1,202384,0.905
151,151000,20.02,27.691,1.954,1,True,1,203600,0.999
152,152000,20.1,27.719,1.944,1,True,1,204816,0.973
153,153000,20.42,27.668,1.88,1,True,1,206032,0.961
154,154000,20.4,27.714,1.912,1,True,1,207248,1.041
155,155000,20.7,27.673,1.859,1,True,1,208464,0.969
156,156000,20.79,27.681,1.782,1,True,1,209680,0.984
157,157000,20.9,27.682,1.832,1,True,1,210896,1.052
158,158000,21.16,27.712,1.764,1,True,1,212112,1.037
159,159000,21.28,27.604,1.752,1,True,1,213328,0.897
160,160000,21.52,27.715,1.703,1,True,1,214544,1.067
161,161000,21.63,27.663,1.661,1,True,1,215760,1.053
162,162000,21.71,27.669,1.685,1,True,1,216976,1.025
163,163000,21.93,27.658,1.635,1,True,1,218192,0.939
164,164000,22.11,27.658,1.631,1,True,1,219408,0.996
165,165000,22.05,27.665,1.599,1,True,1,220624,1.089
166,4360304,22.26,27.675,1.592,1,False,1,221840,0.953
167,167000,22.59,27.632,1.534,1,True,1,223056,0.894
168,168000,22.81,27.669,1.533,1,True,1,224272,1.023
169,169000,22.87,27.676,1.507,1,True,1,225488,1.008
170,170000,22.94,27.662,1.5,1,True,1,226704,1.075
171,171000,23.1,27.683,1.485,1,True,1,227920,1.011
172,172000,23.44,27.693,1.466,1,True,1,229136,0.984
173,173000,23.36,27.66,1.484,1,True,1,230352,1.014
174,174000,23.43,27.647,1.516,1,True,1,231568,1.053
175,175000,23.57,27.686,1.513,1,True,1,232784,1.021
176,176000,23.73,27.676,1.527,1,True,1,234000,1.088
177,177000,23.89,27.639,1.562,1,True,1,235216,0.998
178,178000,24.05,27.639,1.508,1,True,1,236432,0.995
179,179000,24.11,27.619,1.521,1,True,1,237648,1.042
180,180000,24.14,27.645,1.6,1,True,1,238864,1.015
181,181000,24.29,27.654,1.571,1,True,1,240080,0.942
182,182000,24.35,27.638,1.635,1,True,1,241296,0.976
183,183000,24.45,27.65,1.633,1,True,1,242512,0.972
184,184000,24.55,27.64,1.644,1,True,1,243728,1.076
185,185000,24.61,27.623,1.659,1,True,1,244944,1.054
186,186000,24.75,27.62,1.708,1,True,1,246160,0.984
187,187000,24.68,27.628,1.785,1,True,1,247376,0.988
188,188000,24.76,27.633,1.812,1,True,1,248592,0.988
189,189000,24.88,27.643,1.805,1,True,1,249808,1.073
190,190000,24.94,27.618,1.866,1,True,1,251024,0.965
191,191000,24.8,27.602,1.899,1,True,1,252240,1.037
192,192000,24.92,27.608,1.904,1,True,1,253456,1.0
193,193000,24.89,27.64,1.905,1,True,1,254672,1.02
194,194000,24.96,27.618,1.954,1,True,1,255888,1.098
195,195000,24.91,27.592,1.99,1,True,1,257104,1.032
196,196000,24.89,27.62,1.974,1,True,1,258320,1.03
197,197000,24.94,27.606,2.0,1,True,1,259536,1.003
198,198000,25.05,27.603,7.727,205,False,1,260752,1.089
200,198976,24.84,27.572,2.069,9,False,1,263176,0.971
201,201000,25.15,27.603,2.099,1,True,1,264392,0.961
202,202000,24.91,27.611,2.065,1,True,1,265608,1.008
203,203000,24.81,27.599,2.097,1,True,1,266824,1.048
204,204000,24.79,27.578,2.094,1,True,1,268040,1.085
205,205000,24.68,27.541,2.075,1,True,1,269256,0.941
206,206000,24.75,27.619,2.131,1,True,1,270472,1.006
207,207000,24.65,27.603,2.106,1,True,1,271688,1.081
208,208000,24.5,27.546,2.079,1,False,1,272904,0.973
209,209000,24.32,27.575,2.078,1,True,1,274120,1.017
210,210000,24.27,27.58,2.075,1,True,1,275336,1.089
211,211000,24.36,27.588,2.051,1,True,1,276552,0.957
212,212000,24.41,27.579,2.037,1,True,1,277768,1.045
213,213000,24.13,27.563,1.997,1,True,1,278984,1.051
214,214000,23.98,27.56,1.955,1,True,1,280200,1.049
215,215000,23.7,27.572,1.916,1,True,1,281416,1.087
216,216000,23.8,27.596,1.903,1,False,1,282632,0.995
217,217000,23.65,27.593,1.897,1,True,1,283848,1.023
218,218000,23.68,27.556,1.871,17,False,1,285064,1.037
219,219000,23.39,27.548,1.839,1,True,1,286280,1.057
220,220000,23.27,27.575,1.845,1,True,1,287496,0.969
221,221000,23.03,27.542,1.789,1,True,1,288712,0.969
222,222000,23.05,27.579,1.717,1,True,1,289928,1.046
223,223000,22.96,27.55,1.711,1,True,1,291144,0.993
224,224000,22.82,27.527,1.659,1,True,1,292360,1.034
225,225000,22.78,27.555,1.655,1,True,1,293576,1.063
226,226000,22.49,27.555,1.605,1,True,1,294792,0.989
227,227000,22.25,27.572,1.607,1,True,1,296008,0.999
228,228000,22.28,27.531,1.61,1,True,1,297224,0.958
229,229000,22.08,27.551,1.574,1,True,1,298440,0.969
230,230000,21.81,27.502,1.524,1,True,1,299656,0.975
231,231000,21.89,27.564,1.524,1,True,1,300872,1.033
232,232000,21.54,27.556,1.516,1,True,1,302088,1.002
233,233000,21.28,27.559,1.519,1,True,1,303304,1.008
234,234000,21.0,27.525,1.506,1,True,1,304520,1.03
235,235000,21.14,27.533,1.487,1,True,1,305736,0.913
236,236000,20.92,27.533,1.494,1,True,1,306952,1.018
237,237000,20.74,27.551,1.483,1,True,1,308168,1.014
238,238000,20.58,27.483,1.519,1,True,1,309384,0.954
239,239000,20.54,27.532,1.535,1,True,1,310600,1.064
240,240000,20.34,27.526,1.537,1,True,1,311816,1.023
241,241000,20.11,27.541,1.519,1,False,1,313032,0.979
242,242000,19.84,27.532,1.596,1,True,1,314248,1.03
243,234808,19.74,27.511,1.564,1,False,1,315464,1.068
244,244000,19.64,27.512,1.574,1,True,1,316680,0.939
245,245000,19.5,27.48,1.611,1,True,1,317896,1.02
246,246000,19.26,27.486,1.613,1,True,1,319112,0.993
247,247000,19.36,27.516,1.635,1,True,1,320328,1.05
248,248000,19.03,27.49,1.688,1,True,1,321544,0.954
249,249000,18.81,27.517,1.722,1,True,1,322760,0.983
250,250000,18.87,27.51,1.787,9,True,1,323976,1.032
251,251000,18.5,27.532,1.815,1,True,1,325192,1.041
252,252000,18.61,27.543,1.824,1,True,1,326408,1.039
253,253000,18.51,27.479,1.872,1,True,1,327624,1.017
254,254000,18.33,27.482,1.921,1,True,1,328840,1.009
255,255000,18.17,27.49,1.903,1,True,1,330056,0.982
256,256000,18.01,27.498,1.949,1,True,1,331272,0.995
257,257000,18.01,27.438,1.981,1,True,1,332488,1.103
258,258000,17.84,27.459,1.997,1,True,1,333704,1.063
259,259000,17.83,27.461,2.057,1,True,1,334920,1.027
260,260000,17.56,27.445,2.005,1,True,1,336136,0.962
261,261000,17.74,27.474,2.039,1,True,1,337352,1.058
262,262000,17.51,27.464,2.048,1,True,1,338568,1.014
263,263000,17.37,27.488,2.096,1,True,1,339784,1.059
264,264000,17.26,27.476,2.102,1,True,1,341000,1.051
265,265000,17.2,27.459,2.073,1,True,1,342216,0.977
266,266000,17.12,27.47,2.083,1,True,1,343432,1.052
267,267000,17.26,27.465,2.108,1,True,1,344648,0.953
268,268000,17.12,27.451,2.096,1,True,1,345864,1.031
269,269000,17.1,27.575,2.102,1,False,1,347080,1.063
270,270000,17.15,27.463,2.121,1,True,1,348296,0.941
271,271000,16.98,27.468,2.068,1,True,1,349512,0.964
272,272000,17.05,27.439,2.086,1,True,1,350728,0.976
273,273000,17.02,27.477,2.022,1,True,1,351944,1.046
274,274000,16.95,27.434,2.019,1,True,1,353160,0.939
275,275000,16.93,27.447,2.009,1,True,1,354376,0.975
276,276000,16.99,27.436,1.991,1,True,1,355592,0.993
277,277000,17.1,27.427,1.963,1,True,1,356808,0.967
278,278000,17.02,27.453,1.935,1,True,1,358024,0.977
279,279000,17.05,27.422,1.91,1,True,1,359240,0.997
280,280000,16.99,27.45,1.879,1,True,1,360456,1.138
281,281000,17.12,27.42,1.868,1,True,1,361672,1.007
282,282000,17.22,27.453,1.866,1,True,1,362888,1.061
283,283000,17.2,27.458,1.789,1,True,1,364104,1.076
284,284000,17.3,27.439,1.767,1,True,1,365320,0.976
285,285000,17.38,27.423,1.733,1,True,1,366536,1.046
286,286000,17.44,27.462,1.687,1,True,1,367752,1.016
287,287000,17.27,27.416,1.677,1,True,1,368968,1.091
288,288000,17.55,27.425,1.673,1,True,1,370184,0.982
289,289000,17.71,27.421,1.614,1,True,1,371400,1.048
290,290000,17.67,27.412,1.596,1,True,1,372616,0.93
291,291000,17.64,27.408,1.571,1,True,1,373832,1.029
292,292000,17.88,27.41,1.573,1,True,1,375048,1.033
293,293000,17.95,27.405,1.554,1,True,1,376264,1.045
294,294000,18.08,27.416,1.542,1,True,1,377480,1.035
295,295000,18.26,27.415,1.513,1,True,1,378696,1.076
296,296000,18.41,27.411,1.498,1,True,1,379912,0.997
297,297000,18.44,27.381,1.483,1,True,1,381128,0.971
298,298000,18.4,27.39,1.527,1,True,1,382344,1.025
299,299000,18.66,27.417,1.5,1,True,1,383560,0.981
