2026-10-03 17:26:49|332034394F203420454D20234F|15108705|LU3ARN-GF05sk
2026-10-03 17:26:09|47322030303020304E20492054453235203030302054454F54|15108705|LU3ARN-GF05sk
2026-10-03 17:25:49|332034394D2054393220303030204D|15108705|LU3ARN-GF05sk
2026-10-03 11:23:51|45452035454A20455120|15112015|PE0SAT-21-JO21mr
2026-10-03 11:23:40|5020345420304F204520|15108848|DEX-ONE-JO20ul
2026-10-03 11:23:23|3320344920543932204920|15112015|PE0SAT-21-JO21mr
2026-10-03 11:23:22|452030304720452054444520|15098314|Groundstation OM4ATC-JN99be
2026-10-03 11:22:47|32352039454A3030304720|15112015|PE0SAT-21-JO21mr
2026-10-03 11:22:44|45204545203120584720|15108848|DEX-ONE-JO20ul
2026-10-03 11:22:37|453030303D2032325320|15107927|GS ChNord VHF/UHF-JO10kq
2026-10-03 11:22:27|443420454D303020304520|15108848|DEX-ONE-JO20ul
2026-10-03 11:22:26|55452039343932204A305A4520|15112015|PE0SAT-21-JO21mr
2026-10-03 11:22:19|4520353520543932204D20|15098314|Groundstation OM4ATC-JN99be
2026-10-03 11:22:18|332055204734393220|15107927|GS ChNord VHF/UHF-JO10kq
2026-10-03 11:22:11|452045205345204520|15108848|DEX-ONE-JO20ul
2026-10-03 11:21:44|30322030303054205720|15107927|GS ChNord VHF/UHF-JO10kq
2026-10-03 11:21:43|4130303020324420454920|15098314|Groundstation OM4ATC-JN99be
2026-10-03 11:21:40|334420303030304420|15112015|PE0SAT-21-JO21mr
2026-10-03 11:21:39|324A2045204953532045204920|15108848|DEX-ONE-JO20ul
2026-10-03 11:21:21|453030205039203420452045452030205420|15107927|GS ChNord VHF/UHF-JO10kq
2026-10-03 11:21:21|4D39204520303030205420|15112015|PE0SAT-21-JO21mr
2026-10-03 11:21:19|45204F2045454520454520|15108848|DEX-ONE-JO20ul
2026-10-03 11:21:12|4941492033204145204D205320|15098314|Groundstation OM4ATC-JN99be
2026-10-03 11:20:40|45572045204520573020|15112015|PE0SAT-21-JO21mr
2026-10-03 11:20:37|3545203220493020304820|15112140|Sofia SAT Club - Bay Ivan-KN22lx
2026-10-03 11:20:33|34394520452056454520|15107927|GS ChNord VHF/UHF-JO10kq
2026-10-03 11:20:32|4520522045204E20454520|15108848|DEX-ONE-JO20ul
2026-10-03 11:20:24|54203439323030204548205420|15098314|Groundstation OM4ATC-JN99be
2026-10-03 11:20:24|555545204545203053203920|15112015|PE0SAT-21-JO21mr
2026-10-03 11:19:33|41204D20413949204920|15098314|Groundstation OM4ATC-JN99be
2026-10-03 11:19:16|3320544745204520314E20|15112140|Sofia SAT Club - Bay Ivan-KN22lx
2026-10-03 09:45:56|4F203030472044454D4520|15097874|Groundstation OM4ATC-JN99be
2026-10-03 09:44:58|4F205445452045204545313820|15097874|Groundstation OM4ATC-JN99be
2026-10-03 09:44:20|314F2045203320564920|15097874|Groundstation OM4ATC-JN99be
2026-10-03 09:43:22|4D20574557205520534E20|15097874|Groundstation OM4ATC-JN99be
2026-10-03 08:32:34|452030552045204520|15098797|dm43-DM43bl
2026-10-03 08:32:17|4F4553204D20543939205644454F20303039204520|15098797|dm43-DM43bl
2026-10-03 08:31:15|45205720543020304520|15098797|dm43-DM43bl
2026-10-03 04:33:21|4920304A20303820452045204434394835204520452033303549452045204520|15110453|RayaanVK6ADX-OF77xu
2026-10-03 04:32:42|45204520454520452045204520|15110453|RayaanVK6ADX-OF77xu
2026-10-03 04:32:00|4520452045452045204520|15110453|RayaanVK6ADX-OF77xu
2026-10-03 04:02:35|4D45312030303520542045534520545420542045204520544541452054204520542045|15104655|LU3ARN-GF05sk
2026-10-03 04:02:15|3320342320343932204D4D4523453020303035|15104655|LU3ARN-GF05sk
2026-10-03 04:01:35|23303520303220492045544F204554204D20303030|15104655|LU3ARN-GF05sk
2026-10-03 04:01:15|3320343939203420453220303030203030352030322045|15104655|LU3ARN-GF05sk
2026-10-03 04:01:15|3334394F20543920303030303530454520|15109592|DIYSATELLITE-GF05ug
2026-10-03 04:00:26|4449452045204A2045343939343932303030454A3035303235204520533030303054455720|15109592|DIYSATELLITE-GF05ug
2026-10-03 03:58:55|3320344D2052204A20303054|15104655|LU3ARN-GF05sk
2026-10-03 02:06:36|494520314F352030304E20|15095629|EuroSpaceHub-UCM-IM89jn
2026-10-03 02:05:37|4F3530303020304D20|15095629|EuroSpaceHub-UCM-IM89jn
2026-10-03 02:05:21|4A53203220452050322030303020303920|15095629|EuroSpaceHub-UCM-IM89jn
2026-10-03 02:04:23|4F2030303030303520305320|15095629|EuroSpaceHub-UCM-IM89jn
2026-10-03 02:03:33|33345420455348204F354530303035203032352030305020303020|15095629|EuroSpaceHub-UCM-IM89jn
2026-10-03 02:02:29|454F203334393934394F2030303030303530323530303030303020|15095629|EuroSpaceHub-UCM-IM89jn
2026-10-03 02:01:16|41303530323520304E20|15095629|EuroSpaceHub-UCM-IM89jn
2026-10-03 02:00:58|33343939343932204720|15095629|EuroSpaceHub-UCM-IM89jn
2026-10-03 02:00:54|3330392030303020542045204E20|15110312|PE0SAT-21-JO21mr
2026-10-03 02:00:18|31323530304E454120304E20|15095629|EuroSpaceHub-UCM-IM89jn
2026-10-03 02:00:00|312030303020544520543939343932204D454F30204520|15095629|EuroSpaceHub-UCM-IM89jn
2026-10-03 01:59:57|49303030303020454F20304341204520|15110312|PE0SAT-21-JO21mr
2026-10-03 01:59:02|544549205520303030204D5730204E20|15095629|EuroSpaceHub-UCM-IM89jn
2026-10-03 01:58:59|55203030302049492030303020303020|15110312|PE0SAT-21-JO21mr
2026-10-03 01:58:01|5420544520492048592030204520|15095629|EuroSpaceHub-UCM-IM89jn
2026-10-03 01:57:54|332048203230303820|15110312|PE0SAT-21-JO21mr
2026-10-03 01:56:53|573920544E452031353020|15110312|PE0SAT-21-JO21mr
2026-10-03 00:30:56|4135204F204D3020304520|15095628|EuroSpaceHub-UCM-IM89jn
2026-10-03 00:30:35|57304D2055302030304F20|15095628|EuroSpaceHub-UCM-IM89jn
2026-10-03 00:29:40|55343939203439323030302030303520|15095628|EuroSpaceHub-UCM-IM89jn
2026-10-03 00:28:52|3334393920553932303030303035204D204F353030302030303020|15095628|EuroSpaceHub-UCM-IM89jn
2026-10-03 00:27:48|4F35303020452030303020|15095628|EuroSpaceHub-UCM-IM89jn
2026-10-03 00:27:30|3334393934393230303030304520|15095628|EuroSpaceHub-UCM-IM89jn
2026-10-03 00:26:44|33344E20503439323030303030203032353047203030304F20|15095628|EuroSpaceHub-UCM-IM89jn
2026-10-03 00:25:40|3030304720333439393439323030303030204A323530303030304D204520|15095628|EuroSpaceHub-UCM-IM89jn
2026-10-03 00:24:26|31203030204D2030304920|15094660|Groundstation OM4ATC-JN99be
2026-10-03 00:24:25|38305320454520304320|15109604|PE0SAT-21-JO21mr
2026-10-03 00:24:23|333439393420413020303035303220|15095628|EuroSpaceHub-UCM-IM89jn
2026-10-03 00:24:23|49205620454C203420|15109089|RuhrValleySpace-JO31sl
2026-10-03 00:24:08|3720303030204D34394F205032304D20|15109604|PE0SAT-21-JO21mr
2026-10-03 00:24:07|45204F4F452033204B4F205820|15094660|Groundstation OM4ATC-JN99be
2026-10-03 00:23:30|31323530303020304D20|15095628|EuroSpaceHub-UCM-IM89jn
2026-10-03 00:23:29|303920454F353030204F45314D20|15109089|RuhrValleySpace-JO31sl
2026-10-03 00:23:19|49303030353032354D20|15094660|Groundstation OM4ATC-JN99be
2026-10-03 00:23:14|33343920452049303030354720|15109604|PE0SAT-21-JO21mr
2026-10-03 00:23:09|332034393230304E20|15095628|EuroSpaceHub-UCM-IM89jn
2026-10-03 00:23:05|33345120343932304F20|15109089|RuhrValleySpace-JO31sl
2026-10-03 00:23:01|333439392034394520|15094660|Groundstation OM4ATC-JN99be
2026-10-03 00:22:29|313030203045204520|15095628|EuroSpaceHub-UCM-IM89jn
2026-10-03 00:22:26|4F352030303030303020|15109089|RuhrValleySpace-JO31sl
2026-10-03 00:22:26|30303020333436472054393230303030302053204F353030302030304F20|15109604|PE0SAT-21-JO21mr
2026-10-03 00:22:25|4C303020583235303031204F3920|15094660|Groundstation OM4ATC-JN99be
2026-10-03 00:22:11|3320342054204520454E3020|15095628|EuroSpaceHub-UCM-IM89jn
2026-10-03 00:22:07|4520452055204539323054204530303020|15109089|RuhrValleySpace-JO31sl
2026-10-03 00:21:55|5720544F454545492045204520|15094660|Groundstation OM4ATC-JN99be
2026-10-03 00:21:23|3520394E20452057452030302030303020|15094660|Groundstation OM4ATC-JN99be
2026-10-03 00:21:16|41452030323520304520|15095628|EuroSpaceHub-UCM-IM89jn
2026-10-03 00:21:11|572030305320304A45204720|15109604|PE0SAT-21-JO21mr
2026-10-03 00:20:57|332054542057204520|15095628|EuroSpaceHub-UCM-IM89jn
2026-10-03 00:20:52|45483330203045204D20343939204120|15109604|PE0SAT-21-JO21mr
2026-10-03 00:20:06|545320492045205720|15109089|RuhrValleySpace-JO31sl
2026-10-03 00:19:57|45393220303030204720|15109604|PE0SAT-21-JO21mr
2026-10-02 19:09:18|45205520305A204D20343920|15098795|dm43-DM43bl
2026-10-02 19:08:16|452041393920344D20|15098795|dm43-DM43bl
2026-10-02 19:07:39|314520454C494520454536204520|15098795|dm43-DM43bl
2026-10-02 19:07:09|54205320544F204520|15098795|dm43-DM43bl
2026-10-02 19:06:31|332055393934393230304F204A20303235304420|15098795|dm43-DM43bl
2026-10-02 19:05:37|494920303249205630204520323020|15098795|dm43-DM43bl
2026-10-02 17:30:49|4435304845453030444520|15108483|Jim UHF-FM03kt
2026-10-02 17:30:32|4532344F20452031304F20|15108483|Jim UHF-FM03kt
2026-10-02 17:29:52|5734393955204F32304520303035542045453235304920485430303620|15108483|Jim UHF-FM03kt
2026-10-02 17:28:48|333439393439323030303039353032353030303047204A20|15108483|Jim UHF-FM03kt
2026-10-02 17:27:45|3334393934393230303030303530323530303030303020|15108483|Jim UHF-FM03kt
2026-10-02 17:26:41|3334393934393230303030303530323530303030303020|15108483|Jim UHF-FM03kt
2026-10-02 17:11:39|4539203439204D20303035203020542045|15099340|LU3ARN-GF05sk
2026-10-02 17:10:20|3320343920344D20303030|15099340|LU3ARN-GF05sk
2026-10-02 17:09:39|31304F54204520543520303030204D2054452031|15099340|LU3ARN-GF05sk
2026-10-02 17:09:19|47203439322030304F54|15099340|LU3ARN-GF05sk
2026-10-02 17:08:39|5420544A5423352030323520304F5445204520303030|15099340|LU3ARN-GF05sk
2026-10-02 17:08:19|49205420343939204954545420414D205320414554542045205420544A542335203045|15099340|LU3ARN-GF05sk
2026-10-02 16:27:04|4520454520452030454520|15104988|JF6FYI Nishikazu, KitaKyushu, 3-ele Yagi(UHF)-PM53kv
2026-10-02 16:26:47|4920534520454520455545454920|15104988|JF6FYI Nishikazu, KitaKyushu, 3-ele Yagi(UHF)-PM53kv
2026-10-02 16:26:31|454545204545204954545449204520|15104988|JF6FYI Nishikazu, KitaKyushu, 3-ele Yagi(UHF)-PM53kv
2026-10-02 16:25:58|33204520553934393220303030204F205449203032204545454530203920|15104988|JF6FYI Nishikazu, KitaKyushu, 3-ele Yagi(UHF)-PM53kv
2026-10-02 16:24:59|333439393439323020454F3030353032483030204130303020|15104988|JF6FYI Nishikazu, KitaKyushu, 3-ele Yagi(UHF)-PM53kv
2026-10-02 16:23:55|333439393439322030303030303554324520303030303020|15104988|JF6FYI Nishikazu, KitaKyushu, 3-ele Yagi(UHF)-PM53kv
2026-10-02 16:22:51|332034303439323030303030352045204D323530303030303020|15104988|JF6FYI Nishikazu, KitaKyushu, 3-ele Yagi(UHF)-PM53kv
2026-10-02 16:21:48|4F2045204D47205745455720|15104988|JF6FYI Nishikazu, KitaKyushu, 3-ele Yagi(UHF)-PM53kv
2026-10-02 16:21:13|4520542045452054394F20|15104988|JF6FYI Nishikazu, KitaKyushu, 3-ele Yagi(UHF)-PM53kv
2026-10-02 16:20:26|45205445204745204F5420|15104988|JF6FYI Nishikazu, KitaKyushu, 3-ele Yagi(UHF)-PM53kv
2026-10-02 11:08:02|452054393920454520|15105877|PE0SAT-21-JO21mr
2026-10-02 11:07:26|452045354549204520|15101348|DEX-ONE-JO20ul
2026-10-02 11:07:15|4520303030205A454545203020|15105877|PE0SAT-21-JO21mr
2026-10-02 11:06:59|45395420454E4A3030412045205435203020|15105877|PE0SAT-21-JO21mr
2026-10-02 11:06:11|3030353032353030204D303020|15105877|PE0SAT-21-JO21mr
2026-10-02 11:05:56|4557203320452045312042204520|15101348|DEX-ONE-JO20ul
2026-10-02 11:05:54|45482053204F20455420542030304520|15092599|Groundstation OM4ATC-JN99be
2026-10-02 11:05:46|3334393920343932304F20|15105877|PE0SAT-21-JO21mr
2026-10-02 11:05:26|302035204945372035205520344520|15101348|DEX-ONE-JO20ul
2026-10-02 11:05:07|4535304D4D3030303020|15105877|PE0SAT-21-JO21mr
2026-10-02 11:05:07|494420522055393230372045203030482047414F352030324920454D383020|15092599|Groundstation OM4ATC-JN99be
2026-10-02 11:04:59|5453204F4F20394F20|15105996|Sofia SAT Club - Bay Ivan-KN22lx
2026-10-02 11:04:49|4620343932203030303020|15105877|PE0SAT-21-JO21mr
2026-10-02 11:04:30|313030452033344520|15105877|PE0SAT-21-JO21mr
2026-10-02 11:04:28|45204530204949204520|15101348|DEX-ONE-JO20ul
2026-10-02 11:04:04|45205730203030204520553020303020|15105996|Sofia SAT Club - Bay Ivan-KN22lx
2026-10-02 11:04:01|4520544F35203039205720304E20|15092599|Groundstation OM4ATC-JN99be
2026-10-02 11:03:51|4D3030204554455220|15105877|PE0SAT-21-JO21mr
2026-10-02 11:03:36|33204520494520343932204F20|15092599|Groundstation OM4ATC-JN99be
2026-10-02 11:03:32|4A3020455720492045494F20554F20|15105877|PE0SAT-21-JO21mr
2026-10-02 11:03:27|39204A4F452049205420543820|15105996|Sofia SAT Club - Bay Ivan-KN22lx
2026-10-02 11:03:00|4535204645484545534520|15092599|Groundstation OM4ATC-JN99be
2026-10-02 11:03:00|303220452030593020|15092599|Groundstation OM4ATC-JN99be
2026-10-02 11:02:46|4A3920414E203020303220|15105877|PE0SAT-21-JO21mr
2026-10-02 11:02:42|492053452030304820|15105996|Sofia SAT Club - Bay Ivan-KN22lx
2026-10-02 11:02:36|332039392045204F4720|15092599|Groundstation OM4ATC-JN99be
2026-10-02 11:01:56|45203032203030304F205420|15092599|Groundstation OM4ATC-JN99be
2026-10-02 11:01:55|3032353054533020303820|15105996|Sofia SAT Club - Bay Ivan-KN22lx
2026-10-02 11:01:33|324449452045594F20304520454520|15105996|Sofia SAT Club - Bay Ivan-KN22lx
2026-10-02 11:00:37|454531492053494520|15105996|Sofia SAT Club - Bay Ivan-KN22lx
2026-10-02 09:29:11|414520414520594920|15092316|Groundstation OM4ATC-JN99be
2026-10-02 09:28:52|4F30452054204D20544F205420|15092316|Groundstation OM4ATC-JN99be
2026-10-02 09:28:03|454B2030205420303020|15092316|Groundstation OM4ATC-JN99be
2026-10-02 09:27:44|4D5420412045204520|15092316|Groundstation OM4ATC-JN99be
2026-10-02 06:37:56|45204535452057204520|15097559|KC1OCA  UC-4364-531R (UHF)-FN32uc
2026-10-02 03:45:23|332049414D20542054544D203439554520543020235454|15095449|LU3ARN-GF05sk
2026-10-02 03:44:23|33203439392034393220232030203030352047|15095449|LU3ARN-GF05sk
2026-10-02 03:43:23|33203439392034393220303020542030303520303235|15095449|LU3ARN-GF05sk
2026-10-02 03:42:43|35203032352030304D4520544530|15095449|LU3ARN-GF05sk
2026-10-02 03:42:23|41393920343949454D2023452054204D454130352030323520304D4D|15095449|LU3ARN-GF05sk
2026-10-02 03:42:03|332034393920343945454D2054|15095449|LU3ARN-GF05sk
2026-10-02 01:50:47|5A20452045544F20394520|15092120|EuroSpaceHub-UCM-IM89jn
2026-10-02 01:49:45|5720305A20574820303720|15092120|EuroSpaceHub-UCM-IM89jn
2026-10-02 01:48:50|33204553452030302030303020|15092120|EuroSpaceHub-UCM-IM89jn
2026-10-02 01:47:46|3030303035303220452030303020|15092120|EuroSpaceHub-UCM-IM89jn
2026-10-02 01:47:14|4530203334393920414520|15092120|EuroSpaceHub-UCM-IM89jn
2026-10-02 01:46:36|333439393439323030303030353032353030474520|15092120|EuroSpaceHub-UCM-IM89jn
2026-10-02 01:45:39|30303030303530323530303030303020|15092120|EuroSpaceHub-UCM-IM89jn
2026-10-02 01:45:28|303030304E205420494920304820|15098876|M0EYT-IO80xs
2026-10-02 01:45:08|453020333439393420|15092120|EuroSpaceHub-UCM-IM89jn
2026-10-02 01:44:28|54393230304D2045452030303920|15104052|PE0SAT-21-JO21mr
2026-10-02 01:44:28|4F30353032204536454520|15092120|EuroSpaceHub-UCM-IM89jn
2026-10-02 01:44:12|303030303020493932303030204D20|15098876|M0EYT-IO80xs
2026-10-02 01:44:08|3334393934394F304520|15092120|EuroSpaceHub-UCM-IM89jn
2026-10-02 01:43:30|30323530303030304520|15092120|EuroSpaceHub-UCM-IM89jn
2026-10-02 01:43:24|44205720303045204E205245204520|15104052|PE0SAT-21-JO21mr
2026-10-02 01:43:16|3030303030203320564D205120413932303030303035203020|15098876|M0EYT-IO80xs
2026-10-02 01:43:11|542034393230303020304D20|15092120|EuroSpaceHub-UCM-IM89jn
2026-10-02 01:43:06|333030204545204820|15101329|DEX-X-JO20ul
2026-10-02 01:42:28|54382054203030302030303520304F204A30302030303020|15092120|EuroSpaceHub-UCM-IM89jn
2026-10-02 01:42:26|49203030303030204130534D20|15104052|PE0SAT-21-JO21mr
2026-10-02 01:42:10|4D322030303030303520|15098876|M0EYT-IO80xs
2026-10-02 01:42:07|544520492045483020303820|15101329|DEX-X-JO20ul
2026-10-02 01:41:50|5420303030203320344F20|15098876|M0EYT-IO80xs
2026-10-02 01:41:50|4520303030203335534520|15104052|PE0SAT-21-JO21mr
2026-10-02 01:41:49|4541204130203320555320|15101329|DEX-X-JO20ul
2026-10-02 01:41:21|494F205A204120304F20|15092120|EuroSpaceHub-UCM-IM89jn
2026-10-02 01:41:10|303030532049204F20|15098876|M0EYT-IO80xs
2026-10-02 01:41:10|573439422053303520303520|15101329|DEX-X-JO20ul
2026-10-02 01:41:09|5420352042203230352030454520|15104052|PE0SAT-21-JO21mr
2026-10-02 01:40:52|4520552045453D20544920|15092120|EuroSpaceHub-UCM-IM89jn
2026-10-02 01:40:51|332045204720344F20|15098876|M0EYT-IO80xs
2026-10-02 00:14:48|45454120552030304120|15092119|EuroSpaceHub-UCM-IM89jn
2026-10-02 00:14:08|452045474D204520303020303020304F35203043302030304D4920|15092119|EuroSpaceHub-UCM-IM89jn
2026-10-02 00:13:04|4531204C20574F5320303930203030444520|15092119|EuroSpaceHub-UCM-IM89jn
2026-10-02 00:12:34|573030304553205220453D39205520|15092119|EuroSpaceHub-UCM-IM89jn
2026-10-02 00:11:48|454548205320455539342032303020304E495320303220|15092119|EuroSpaceHub-UCM-IM89jn
2026-10-02 00:10:52|4520553939343932303039204D303530323520303030204520|15092119|EuroSpaceHub-UCM-IM89jn
2026-10-02 00:09:53|53303049572030303020|15092119|EuroSpaceHub-UCM-IM89jn
2026-10-02 00:09:37|4F32303045203330355A20|15092119|EuroSpaceHub-UCM-IM89jn
2026-10-02 00:09:18|4520303030204D34394D20|15092119|EuroSpaceHub-UCM-IM89jn
2026-10-02 00:08:40|3334205439322030205430303048205420414920304F20|15092119|EuroSpaceHub-UCM-IM89jn
2026-10-02 00:07:46|573020303035203032353030302030303020|15092119|EuroSpaceHub-UCM-IM89jn
2026-10-02 00:07:20|45204520452045204520|15090557|Groundstation OM4ATC-JN99be
2026-10-02 00:07:16|4A30204F204D203334373334394E20|15092119|EuroSpaceHub-UCM-IM89jn
2026-10-02 00:06:30|554920303253205420|15092119|EuroSpaceHub-UCM-IM89jn
2026-10-02 00:06:19|393934204D20303030204520|15092119|EuroSpaceHub-UCM-IM89jn
2026-10-02 00:06:08|45204520452045204520|15090557|Groundstation OM4ATC-JN99be
2026-10-02 00:05:38|4520303035304C205430452054303020|15092119|EuroSpaceHub-UCM-IM89jn
2026-10-02 00:05:13|332034392030544520|15092119|EuroSpaceHub-UCM-IM89jn
2026-10-02 00:04:26|4A20563932203020324F352030304520|15092119|EuroSpaceHub-UCM-IM89jn
2026-10-01 19:29:47|30304E2030204520324520|15103514|VU2JEK_Nitin-MK83sd
2026-10-01 19:28:48|4920543939204F2030304F20304820|15103514|VU2JEK_Nitin-MK83sd
2026-10-01 19:27:58|4A20304520323235305420452057203020|15103514|VU2JEK_Nitin-MK83sd
2026-10-01 19:27:35|4D302055344F2039323020|15103514|VU2JEK_Nitin-MK83sd
2026-10-01 19:26:53|33344E203934393230303047203530323520303030204E20|15103514|VU2JEK_Nitin-MK83sd
2026-10-01 19:25:54|332041393934393238304E4F3130354F323530382054204D3020|15103514|VU2JEK_Nitin-MK83sd
2026-10-01 19:24:50|332034393934393230303030303530323530303030303020|15103514|VU2JEK_Nitin-MK83sd
2026-10-01 19:23:46|4D2034393934393230303030303530323530303030303020|15103514|VU2JEK_Nitin-MK83sd
2026-10-01 19:22:43|5730203030302057343939344F203030303030353032352030303030303020|15103514|VU2JEK_Nitin-MK83sd
2026-10-01 19:21:27|413939203445204F4F20303035303220|15103514|VU2JEK_Nitin-MK83sd
2026-10-01 19:20:35|3020304F204520452030303920|15103514|VU2JEK_Nitin-MK83sd
2026-10-01 19:20:01|54392045204D204120|15103514|VU2JEK_Nitin-MK83sd
2026-10-01 17:17:07|4F204E204530204720|15090334|berlin_ma_sat-FN42ej
2026-10-01 17:16:35|4520303044203320414520|15090334|berlin_ma_sat-FN42ej
2026-10-01 17:15:46|454920532030304320|15090334|berlin_ma_sat-FN42ej
2026-10-01 17:15:00|302F3520452053204120303030434545452044494F35303039204520|15090334|berlin_ma_sat-FN42ej
2026-10-01 17:13:37|30304F204920542030304B20|15090334|berlin_ma_sat-FN42ej
2026-10-01 17:12:35|4553205445454948494953204520|15090334|berlin_ma_sat-FN42ej
2026-10-01 17:12:17|452046204930203520|15090334|berlin_ma_sat-FN42ej
2026-10-01 16:54:56|4D204D4520452045203032352030232045204D|15093589|LU3ARN-GF05sk
2026-10-01 16:54:36|3320344D204545492034393220303030204D4520452045203032|15093589|LU3ARN-GF05sk
2026-10-01 16:53:48|32303039205420333439393439323030452030303530323530304F2030304F20|15098012|DIYSATELLITE-GF05ug
2026-10-01 16:53:36|542034393920343932203030302030303520303235203054|15093589|LU3ARN-GF05sk
2026-10-01 16:52:31|33343939354A5620303030304820454720|15098012|DIYSATELLITE-GF05ug
2026-10-01 16:52:16|33203439392049204432203047|15093589|LU3ARN-GF05sk
2026-10-01 16:51:36|4F3220304D4F302030234549204520303235203030302023|15093589|LU3ARN-GF05sk
2026-10-01 16:51:16|3320494139544F2034393220304D4F302054|15093589|LU3ARN-GF05sk
2026-10-01 16:08:05|313049204B4920445920|15095754|JF6FYI Nishikazu, KitaKyushu, QFH (UHF)-PM53kv
2026-10-01 16:07:32|4D2055393934395220|15095754|JF6FYI Nishikazu, KitaKyushu, QFH (UHF)-PM53kv
2026-10-01 16:06:58|33343939343932203030303030354D49352030303030303020|15095754|JF6FYI Nishikazu, KitaKyushu, QFH (UHF)-PM53kv
2026-10-01 16:05:54|332041454F3934393230303030303530323530303030303020|15095754|JF6FYI Nishikazu, KitaKyushu, QFH (UHF)-PM53kv
2026-10-01 12:26:45|3320303248204F20303030205A20|15092118|EuroSpaceHub-UCM-IM89jn
2026-10-01 12:25:34|303030205420453920343932204E20|15092118|EuroSpaceHub-UCM-IM89jn
2026-10-01 12:24:43|39204120303035203920|15092118|EuroSpaceHub-UCM-IM89jn
2026-10-01 12:24:40|4F2030303020303920|15097746|PE0SAT-21-JO21mr
2026-10-01 12:24:26|412033343939205520|15092118|EuroSpaceHub-UCM-IM89jn
2026-10-01 12:24:21|543249203044203320544520|15097746|PE0SAT-21-JO21mr
2026-10-01 12:23:51|33204A393439452054203030304F2048305020303030203020|15092118|EuroSpaceHub-UCM-IM89jn
2026-10-01 12:23:26|57303020544D204E204F204420|15097746|PE0SAT-21-JO21mr
2026-10-01 12:22:51|33343939343932204255303030302030323547303030303020|15092118|EuroSpaceHub-UCM-IM89jn
2026-10-01 12:22:35|45414920323035203020|15097746|PE0SAT-21-JO21mr
2026-10-01 12:21:48|333447203934393239204D30303035303235304F203030303020|15092118|EuroSpaceHub-UCM-IM89jn
2026-10-01 12:20:44|33343954205439323054204D30303045204F323530303030303020|15092118|EuroSpaceHub-UCM-IM89jn
2026-10-01 12:19:40|39205530204D203439392054323020452030303530495453203030542030303020|15092118|EuroSpaceHub-UCM-IM89jn
2026-10-01 12:18:21|4F304D204A35204F20|15092118|EuroSpaceHub-UCM-IM89jn
2026-10-01 12:18:04|4A204E20393920345420|15092118|EuroSpaceHub-UCM-IM89jn
2026-10-01 12:17:22|49204520313235204D20|15092118|EuroSpaceHub-UCM-IM89jn
2026-10-01 10:50:20|54203030204F303020|15097395|PE0SAT-21-JO21mr
2026-10-01 10:49:54|303030303030204D20343939203439322030544520|15097395|PE0SAT-21-JO21mr
2026-10-01 10:49:03|41205458204520454F20|15097441|Sofia SAT Club - Bay Ivan-KN22lx
2026-10-01 10:49:01|33344445204E4F203030303030492045454520|15097395|PE0SAT-21-JO21mr
2026-10-01 10:48:13|454D302030304520543030303020|15097441|Sofia SAT Club - Bay Ivan-KN22lx
2026-10-01 10:48:12|5320452039343955204545494558204E4520413530323539453220312F3020|15097395|PE0SAT-21-JO21mr
2026-10-01 10:47:06|452045204D4F203120304D20|15097395|PE0SAT-21-JO21mr
2026-10-01 10:47:02|492054395420394A304F41424520302030323530304520|15097441|Sofia SAT Club - Bay Ivan-KN22lx
2026-10-01 10:46:04|4D2054393230303030303520593235303045204520452045205320|15097441|Sofia SAT Club - Bay Ivan-KN22lx
2026-10-01 10:45:01|333445204F45204A3030303530323530203230303020|15097441|Sofia SAT Club - Bay Ivan-KN22lx
2026-10-01 10:44:26|53204520454E49204D2034204820|15097769|Apomahon-KM18ub
2026-10-01 10:43:55|45455354204F2032323520303930304720|15097441|Sofia SAT Club - Bay Ivan-KN22lx
2026-10-01 10:43:37|39452050594945204920|15097769|Apomahon-KM18ub
2026-10-01 10:43:28|49204E20454520544520455420|15097441|Sofia SAT Club - Bay Ivan-KN22lx
2026-10-01 10:42:40|45204545204546204520|15097769|Apomahon-KM18ub
2026-10-01 07:28:19|545330203030204E2030302045204A4F20|15095971|VU2JEK_Nitin-MK83sd
2026-10-01 07:27:43|45204839205720333420|15095971|VU2JEK_Nitin-MK83sd
2026-10-01 07:27:16|3035304F35305A204120|15095971|VU2JEK_Nitin-MK83sd
2026-10-01 07:26:51|4D203439205439323045544520|15095971|VU2JEK_Nitin-MK83sd
2026-10-01 07:26:12|333439392034393230303030303520304620532030303030303020|15095971|VU2JEK_Nitin-MK83sd
2026-10-01 07:25:46|455341302055204520|15095971|VU2JEK_Nitin-MK83sd
2026-10-01 07:25:08|45452034392054393230303030303530323530303030303020|15095971|VU2JEK_Nitin-MK83sd
2026-10-01 07:24:04|333439393439532032303030303530323520573030303020|15095971|VU2JEK_Nitin-MK83sd
2026-10-01 07:23:46|485335534920453220303120|15095971|VU2JEK_Nitin-MK83sd
2026-10-01 07:23:01|454853353548355353452045493520|15095971|VU2JEK_Nitin-MK83sd
2026-10-01 07:23:01|3334393934393230303030303530323530303030303020|15095971|VU2JEK_Nitin-MK83sd
2026-10-01 07:22:31|4945205337352045455353204520|15095971|VU2JEK_Nitin-MK83sd
2026-10-01 07:21:57|3334393934393230304F45452030303530323530303030303020|15095971|VU2JEK_Nitin-MK83sd
2026-10-01 07:20:51|303235304F30303920|15095971|VU2JEK_Nitin-MK83sd
2026-10-01 07:20:31|543939343932303030204720|15095971|VU2JEK_Nitin-MK83sd
2026-10-01 07:19:49|452030303030303020|15095971|VU2JEK_Nitin-MK83sd
2026-10-01 07:19:33|45455A2053204D2030304F20513048204E20|15095971|VU2JEK_Nitin-MK83sd
2026-10-01 07:18:34|49414520303245204520|15095971|VU2JEK_Nitin-MK83sd
2026-10-01 07:18:14|492045205420553939344D20|15095971|VU2JEK_Nitin-MK83sd
2026-10-01 07:17:23|4E20544F20454F203020|15095971|VU2JEK_Nitin-MK83sd
2026-10-01 01:34:58|344F452045204520454520454120|15092117|EuroSpaceHub-UCM-IM89jn
2026-10-01 01:33:41|45203030392045454F20304520|15092117|EuroSpaceHub-UCM-IM89jn
2026-10-01 01:32:43|4D303530442055204920|15092117|EuroSpaceHub-UCM-IM89jn
2026-10-01 01:31:29|452033343939344720|15092117|EuroSpaceHub-UCM-IM89jn
2026-10-01 01:30:51|492030323530303020|15092117|EuroSpaceHub-UCM-IM89jn
2026-10-01 01:30:32|5639393439322030384520|15092117|EuroSpaceHub-UCM-IM89jn
2026-10-01 01:29:52|33343959343932303030303035204A3530303030303020|15092117|EuroSpaceHub-UCM-IM89jn
2026-10-01 01:28:49|522054393934393230303030303530323530303030303020|15092117|EuroSpaceHub-UCM-IM89jn
2026-10-01 01:28:45|45204A303020454F204720|15092865|GS ChNord VHF/UHF-JO10kq
2026-10-01 01:27:45|333449204539323030303030354F532045455330303030303020|15092117|EuroSpaceHub-UCM-IM89jn
2026-10-01 01:27:35|303720573520304920|15092865|GS ChNord VHF/UHF-JO10kq
2026-10-01 01:27:15|4F20414520544E205439544520|15092865|GS ChNord VHF/UHF-JO10kq
2026-10-01 01:26:41|333439343932203030303030353032353047453030303020|15092117|EuroSpaceHub-UCM-IM89jn
2026-10-01 01:26:36|55353054415320304D454541204E4520|15092865|GS ChNord VHF/UHF-JO10kq
2026-10-01 01:26:19|453030203320343939344D452032303020|15092865|GS ChNord VHF/UHF-JO10kq
2026-10-01 01:25:32|494F4820303030204520|15092117|EuroSpaceHub-UCM-IM89jn
2026-10-01 01:25:30|313035303235304420|15092865|GS ChNord VHF/UHF-JO10kq
2026-10-01 01:25:19|492054393920344F2030303020584F20|15092117|EuroSpaceHub-UCM-IM89jn
2026-10-01 01:25:10|552034393934393220|15092865|GS ChNord VHF/UHF-JO10kq
2026-10-01 01:24:32|4A3934393220492045413235303030303020|15094397|PE0SAT-21-JO21mr
2026-10-01 01:24:30|56554820464130203920|15092865|GS ChNord VHF/UHF-JO10kq
2026-10-01 01:24:14|454A3020492048302030544520|15092117|EuroSpaceHub-UCM-IM89jn
2026-10-01 01:24:12|45454820532039303845204520|15092865|GS ChNord VHF/UHF-JO10kq
2026-10-01 01:23:30|48454920454532302030303020|15094397|PE0SAT-21-JO21mr
2026-09-30 23:53:03|57304520474520302030304520|15094353|Sofia SAT Club - Bay Ivan-KN22lx
2026-09-30 23:52:32|4A3020552041204D39203420|15094353|Sofia SAT Club - Bay Ivan-KN22lx
2026-09-30 23:51:36|45204520452045204520|15082365|Groundstation OM4ATC-JN99be
2026-09-30 23:50:49|493530323530304720|15094353|Sofia SAT Club - Bay Ivan-KN22lx
2026-09-30 23:50:31|49394D20543932203020|15094353|Sofia SAT Club - Bay Ivan-KN22lx
2026-09-30 23:49:52|573030204E2045204520|15094353|Sofia SAT Club - Bay Ivan-KN22lx
2026-09-30 23:49:51|45204520452045204520|15082365|Groundstation OM4ATC-JN99be
2026-09-30 23:49:37|454545204D20563920543D4A2030304F2055303520|15094353|Sofia SAT Club - Bay Ivan-KN22lx
2026-09-30 23:48:28|45204520452045204520|15082365|Groundstation OM4ATC-JN99be
2026-09-30 23:48:26|45454B4F203037204520|15094353|Sofia SAT Club - Bay Ivan-KN22lx
2026-09-30 20:11:44|4520304E204D20304220|15082325|dm43-DM43bl
2026-09-30 20:10:28|41204D2056394F204120305220|15082325|dm43-DM43bl
2026-09-30 20:09:46|3335303235205420453030204220|15082325|dm43-DM43bl
2026-09-30 20:09:28|4520522049205439393439324D204F30204520|15082325|dm43-DM43bl
2026-09-30 16:59:26|5720564720304E203020304920|15090292|berlin_ma_sat-FN42ej
2026-09-30 16:58:24|494520303030204520|15090292|berlin_ma_sat-FN42ej
2026-09-30 16:58:07|57205542204F30303020394D4520|15090292|berlin_ma_sat-FN42ej
2026-09-30 16:58:06|492030303920455545544520|15090771|KC1OCA  UC-4364-531R (UHF)-FN32uc
2026-09-30 16:58:02|2F38203535454520454545494520|15090292|berlin_ma_sat-FN42ej
2026-09-30 16:57:49|53552049204120495320|15090771|KC1OCA  UC-4364-531R (UHF)-FN32uc
2026-09-30 16:57:22|49204520454A303030303020|15090292|berlin_ma_sat-FN42ej
2026-09-30 16:57:01|33344F20543944205330204F20|15090771|KC1OCA  UC-4364-531R (UHF)-FN32uc
2026-09-30 16:56:44|454548534545205720|15090292|berlin_ma_sat-FN42ej
2026-09-30 16:56:18|31304E452049484920|15090771|KC1OCA  UC-4364-531R (UHF)-FN32uc
2026-09-30 16:56:03|4545542045205044573030302054454520|15090292|berlin_ma_sat-FN42ej
2026-09-30 16:56:03|33343939203448203030302045204535203920|15090771|KC1OCA  UC-4364-531R (UHF)-FN32uc
2026-09-30 16:55:42|45204F30204E204120453520|15090292|berlin_ma_sat-FN42ej
2026-09-30 16:55:15|31204D2056393920554A3030542045455420303035204D45454F353030322030303020|15090771|KC1OCA  UC-4364-531R (UHF)-FN32uc
2026-09-30 16:54:05|454A5020454530204520|15090771|KC1OCA  UC-4364-531R (UHF)-FN32uc
2026-09-30 16:53:40|49204520313920544D20|15090771|KC1OCA  UC-4364-531R (UHF)-FN32uc
2026-09-30 16:37:51|332034232039203439204A20545420534D|15088578|LU3ARN-GF05sk
2026-09-30 16:37:06|494520452044204520|15092548|DIYSATELLITE-GF05ug
2026-09-30 16:36:55|333439393420323845343030303520|15092548|DIYSATELLITE-GF05ug
2026-09-30 16:36:51|3320343939203439554D2055204520233020303035|15088578|LU3ARN-GF05sk
2026-09-30 16:36:07|3320344E413934393238303030303530323530303030303020|15092548|DIYSATELLITE-GF05ug
2026-09-30 16:35:51|332034393920343932204F45235420303035203032|15088578|LU3ARN-GF05sk
2026-09-30 16:35:03|5320304649204520313020|15092548|DIYSATELLITE-GF05ug
2026-09-30 16:34:51|45203439392034393220452330302030303520303220452045203054|15088578|LU3ARN-GF05sk
2026-09-30 16:34:11|452045205420482030302054542045454D453030|15088578|LU3ARN-GF05sk
2026-09-30 12:11:11|394545205420452047204520|15092116|EuroSpaceHub-UCM-IM89jn
2026-09-30 12:10:00|452030304E2045572038455420|15092116|EuroSpaceHub-UCM-IM89jn
2026-09-30 12:09:08|4D20343939344520323035203020|15092116|EuroSpaceHub-UCM-IM89jn
2026-09-30 12:09:07|324F2045543820494520|15080039|Dunchurch-IO92ii
2026-09-30 12:08:19|454920304545203420|15080039|Dunchurch-IO92ii
2026-09-30 12:08:17|4732303030203920313235303030303920|15092116|EuroSpaceHub-UCM-IM89jn
2026-09-30 12:07:49|30303020492054494520|15092499|PE0SAT-12-JO21mr
2026-09-30 12:07:47|4520543045452045492041393920544920|15080039|Dunchurch-IO92ii
2026-09-30 12:07:42|4F303030203320564520|15092116|EuroSpaceHub-UCM-IM89jn
2026-09-30 12:07:07|4920303035304A20413020|15092499|PE0SAT-12-JO21mr
2026-09-30 12:07:05|332041393934393220455320303030353032353020|15092116|EuroSpaceHub-UCM-IM89jn
2026-09-30 12:07:03|333439393420303035304F20|15092490|PE0SAT-31-JO21mr
2026-09-30 12:06:49|333439393444205445454520|15092499|PE0SAT-12-JO21mr
2026-09-30 12:06:11|3334394F2054393230303030303530323530303D30304F20|15092116|EuroSpaceHub-UCM-IM89jn
2026-09-30 12:06:08|452030303020474520|15092499|PE0SAT-12-JO21mr
2026-09-30 12:06:07|3030452030303020474520|15092490|PE0SAT-31-JO21mr
2026-09-30 12:05:56|48204F20303030204420|15092499|PE0SAT-12-JO21mr
2026-09-30 12:05:08|333439204634393230475430303035203232353030544A30303020|15092116|EuroSpaceHub-UCM-IM89jn
2026-09-30 12:04:04|3334393934393230303030303530323530303030303020|15092116|EuroSpaceHub-UCM-IM89jn
2026-09-30 12:03:00|34393230303030302030323530303030303020|15092116|EuroSpaceHub-UCM-IM89jn
2026-09-30 12:02:24|303030203320344720|15092116|EuroSpaceHub-UCM-IM89jn
2026-09-30 12:01:48|543932204F204F20303053204920414A35304F20|15092116|EuroSpaceHub-UCM-IM89jn
2026-09-30 12:01:20|304720303020333420|15092116|EuroSpaceHub-UCM-IM89jn
2026-09-30 12:00:34|4A3053204D3020452030303020303020|15092116|EuroSpaceHub-UCM-IM89jn
2026-09-30 11:59:23|392049394F2030494520|15092116|EuroSpaceHub-UCM-IM89jn
2026-09-30 10:31:17|45572030303520395420|15092304|Sofia SAT Club - Bay Ivan-KN22lx
2026-09-30 10:31:00|50203334393920345A20|15092304|Sofia SAT Club - Bay Ivan-KN22lx
2026-09-30 10:30:28|552030303530552059304F2031303020|15079866|Groundstation OM4ATC-JN99be
2026-09-30 10:30:08|47393439323030303920|15092304|Sofia SAT Club - Bay Ivan-KN22lx
2026-09-30 10:30:02|4F542045204D3439392045593220305A20|15079866|Groundstation OM4ATC-JN99be
2026-09-30 10:29:48|413020303030204D20|15092304|Sofia SAT Club - Bay Ivan-KN22lx
2026-09-30 10:29:43|35354520452038204920|15079866|Groundstation OM4ATC-JN99be
2026-09-30 10:29:24|4F3530303720452045313020|15079866|Groundstation OM4ATC-JN99be
2026-09-30 10:29:11|3334393934393230303030304920534F20|15092304|Sofia SAT Club - Bay Ivan-KN22lx
2026-09-30 10:29:05|33344F2047343944204549204530303020|15079866|Groundstation OM4ATC-JN99be
2026-09-30 10:28:20|5735303049452055303020|15092304|Sofia SAT Club - Bay Ivan-KN22lx
2026-09-30 10:28:19|554720302038203030304E20|15079866|Groundstation OM4ATC-JN99be
2026-09-30 10:28:03|3334394720413932305730303035205420|15092304|Sofia SAT Club - Bay Ivan-KN22lx
2026-09-30 10:27:12|54323520472053203320|15092304|Sofia SAT Club - Bay Ivan-KN22lx
2026-09-30 10:26:55|41205445203934394F2047204A30204E4F20|15092304|Sofia SAT Club - Bay Ivan-KN22lx
2026-09-30 10:26:13|4B2039204A30303020|15092304|Sofia SAT Club - Bay Ivan-KN22lx
2026-09-30 10:25:51|45204920314949204520|15092304|Sofia SAT Club - Bay Ivan-KN22lx
2026-09-30 10:25:04|545445452038452054204545204520|15092304|Sofia SAT Club - Bay Ivan-KN22lx
2026-09-30 07:42:06|494320454520323030304520|15082322|dm43-DM43bl
2026-09-30 06:05:21|45452045204520453020|15090269|berlin_ma_sat-FN42ej
2026-09-30 06:05:05|3548203045452045454520454520|15084461|KC1OCA  UC-4364-531R (UHF)-FN32uc
2026-09-30 06:04:07|45204520413932205420|15084461|KC1OCA  UC-4364-531R (UHF)-FN32uc
2026-09-30 06:04:06|5730204520452045205445204E20|15090269|berlin_ma_sat-FN42ej
2026-09-30 06:03:18|572039444545205630352030454920|15090269|berlin_ma_sat-FN42ej
2026-09-30 06:02:57|30204F2033344D4520|15090269|berlin_ma_sat-FN42ej
2026-09-30 06:02:25|5A2031382053312039454520|15084461|KC1OCA  UC-4364-531R (UHF)-FN32uc
2026-09-30 06:02:17|4D4F20543035303235205320|15090269|berlin_ma_sat-FN42ej
2026-09-30 06:01:57|452049204520333439393420|15090269|berlin_ma_sat-FN42ej
2026-09-30 06:01:16|41343939342057303530323530384520|15090269|berlin_ma_sat-FN42ej
2026-09-30 06:00:13|543934393220494A48204F49534520|15090269|berlin_ma_sat-FN42ej
2026-09-30 01:16:59|453220303054204F3030204520|15078439|EuroSpaceHub-UCM-IM89jn
2026-09-30 01:16:27|4530303030204520545520|15078439|EuroSpaceHub-UCM-IM89jn
2026-09-30 01:15:49|302033342054532041303030303520304F45204F20|15078439|EuroSpaceHub-UCM-IM89jn
2026-09-30 01:13:53|4E352030452031303030303020|15078439|EuroSpaceHub-UCM-IM89jn
2026-09-30 01:10:30|53204D2054204545545320|15086238|GS ChNord VHF/UHF-JO10kq
2026-09-30 01:10:24|4F39343932303030204D2049205848205420|15078439|EuroSpaceHub-UCM-IM89jn
2026-09-30 01:10:04|303030203320344D20|15078439|EuroSpaceHub-UCM-IM89jn
2026-09-30 01:09:42|45522056203020454520|15086128|M0EYT-IO80xs
2026-09-30 01:09:29|3320343920544D4F204545205430302030302041203020|15078439|EuroSpaceHub-UCM-IM89jn
2026-09-30 01:08:56|4E204541204520532030305420304920|15086128|M0EYT-IO80xs
2026-09-30 01:08:06|54393934394A205420|15078439|EuroSpaceHub-UCM-IM89jn
2026-09-30 01:07:30|4157203030302030304420|15078439|EuroSpaceHub-UCM-IM89jn
2026-09-30 01:07:23|524449204120544620|15086128|M0EYT-IO80xs
2026-09-30 01:07:05|492045204553205420305320|15078439|EuroSpaceHub-UCM-IM89jn
2026-09-29 23:36:16|543035392057303920|15090199|Sofia SAT Club - Bay Ivan-KN22lx
2026-09-29 23:35:59|4F30205433204520303020|15090199|Sofia SAT Club - Bay Ivan-KN22lx
2026-09-29 23:35:12|30353032492045303020|15090199|Sofia SAT Club - Bay Ivan-KN22lx
2026-09-29 23:34:55|5439393439204545304E20|15090199|Sofia SAT Club - Bay Ivan-KN22lx
2026-09-29 23:34:15|33343939344F20452032303030304820534B49204F30303030204F20|15090199|Sofia SAT Club - Bay Ivan-KN22lx
2026-09-29 23:33:48|45204520452045204520|15077286|Groundstation OM4ATC-JN99be
2026-09-29 23:33:11|4F323530303030303020|15090199|Sofia SAT Club - Bay Ivan-KN22lx
2026-09-29 23:32:50|332055454520322034393230303020|15090199|Sofia SAT Club - Bay Ivan-KN22lx
2026-09-29 23:32:08|4520572045204A30303020|15090199|Sofia SAT Club - Bay Ivan-KN22lx
2026-09-29 23:32:00|45204520452045204520|15077286|Groundstation OM4ATC-JN99be
2026-09-29 20:31:00|4520452032304D5520|15089831|VU2JEK_Nitin-MK83sd
2026-09-29 20:29:04|413030203932204F204520|15089831|VU2JEK_Nitin-MK83sd
2026-09-29 20:27:56|393920544F2031303520|15089831|VU2JEK_Nitin-MK83sd
2026-09-29 20:27:04|5730203844204530204E20|15089831|VU2JEK_Nitin-MK83sd
2026-09-29 20:26:33|45204520332034514720|15089831|VU2JEK_Nitin-MK83sd
2026-09-29 16:40:17|33205620554D2030204720|15084385|KC1OCA  UC-4364-531R (UHF)-FN32uc
2026-09-29 16:39:35|39452053303820323020|15084385|KC1OCA  UC-4364-531R (UHF)-FN32uc
2026-09-29 16:38:31|45204541204546204420544E20574A2059204541204220455420544A4F203030302030303020|15084385|KC1OCA  UC-4364-531R (UHF)-FN32uc
2026-09-29 16:37:05|4545452044204520542045203230205420|15084385|KC1OCA  UC-4364-531R (UHF)-FN32uc
2026-09-29 16:20:10|3320344F452045204520542030303020303045|15080940|LU3ARN-GF05sk
2026-09-29 16:19:30|2335204D204A3520303030203054204A|15080940|LU3ARN-GF05sk
2026-09-29 16:19:10|33203439392049204E3220303030204E2045202335204D204A35|15080940|LU3ARN-GF05sk
2026-09-29 16:17:50|332034392320455539322054|15080940|LU3ARN-GF05sk
2026-09-29 13:28:58|4D30204945442057203030482039204935304E204F2030384E4920|15078438|EuroSpaceHub-UCM-IM89jn
2026-09-29 13:27:30|454D39344E20314520|15078438|EuroSpaceHub-UCM-IM89jn
2026-09-29 13:22:35|3320452039204920553020303320|15078438|EuroSpaceHub-UCM-IM89jn
2026-09-29 13:21:15|54204520454120303020|15078438|EuroSpaceHub-UCM-IM89jn
2026-09-29 13:20:15|4F205620452031303520304520|15078438|EuroSpaceHub-UCM-IM89jn
2026-09-29 11:54:07|542045204520454520|15084598|PE0SAT-21-JO21mr
2026-09-29 11:53:41|532044204420543020|15084598|PE0SAT-21-JO21mr
2026-09-29 11:53:38|3130203020553020305420|15083849|DEX-X-JO20ul
2026-09-29 11:53:22|5345205745204D4E20|15083903|DEX-ONE-JO20ul
2026-09-29 11:53:04|544532352030203320554520|15083849|DEX-X-JO20ul
2026-09-29 11:52:56|57204D2057204F20303030203920|15078437|EuroSpaceHub-UCM-IM89jn
2026-09-29 11:52:37|47204F3030304B205720|15084598|PE0SAT-21-JO21mr
2026-09-29 11:52:16|45393934393220303030204D20|15084598|PE0SAT-21-JO21mr
2026-09-29 11:52:10|4A2030303920553932204F20|15083849|DEX-X-JO20ul
2026-09-29 11:52:05|302049303020455520|15080035|Dunchurch-IO92ii
2026-09-29 11:52:02|303920454553203032354F20|15078437|EuroSpaceHub-UCM-IM89jn
2026-09-29 11:51:44|5730303030203320343D392034394620|15078437|EuroSpaceHub-UCM-IM89jn
2026-09-29 11:51:34|33343939345420303030303530322054303030303020|15084598|PE0SAT-21-JO21mr
2026-09-29 11:51:34|4549454E4520542050544E5320|15083903|DEX-ONE-JO20ul
2026-09-29 11:51:19|3320344F4454204A59204F45205449204520|15083903|DEX-ONE-JO20ul
2026-09-29 11:51:18|4545454A205345205530205320454520455320|15080478|GS ChNord VHF/UHF-JO10kq
2026-09-29 11:51:18|4D2055514E4520453120303045204F20|15083849|DEX-X-JO20ul
2026-09-29 11:51:17|573439392034204520|15084616|PE0SAT-12-JO21mr
2026-09-29 11:51:12|4520322045204F20303030204D20|15080035|Dunchurch-IO92ii
2026-09-29 11:50:30|33204520392041393230303030542041354E5532353030303039204120|15084616|PE0SAT-12-JO21mr
2026-09-29 11:50:30|3939343932303030303020454A35303030304E204F20|15084598|PE0SAT-21-JO21mr
2026-09-29 11:50:30|48204A35204F2041303020|15080035|Dunchurch-IO92ii
2026-09-29 11:50:27|452035454520303030204E20|15083849|DEX-X-JO20ul
2026-09-29 11:50:25|45204520454A3538314E5220|15083903|DEX-ONE-JO20ul
2026-09-29 11:50:25|42494545204545484F30204520|15080478|GS ChNord VHF/UHF-JO10kq
2026-09-29 11:50:10|4D30302033203434203932303030304520|15084607|PE0SAT-31-JO21mr
2026-09-29 11:50:06|454C4A203030544520|15083903|DEX-ONE-JO20ul
2026-09-29 11:50:06|392045204920452035304920|15080478|GS ChNord VHF/UHF-JO10kq
2026-09-29 11:49:56|4549412045474F2045454F20|15083849|DEX-X-JO20ul
2026-09-29 11:49:26|49204A30353032204B4E2031303020|15084598|PE0SAT-21-JO21mr
2026-09-29 11:49:26|4949313520304520452041303020|15083903|DEX-ONE-JO20ul
2026-09-29 11:49:26|41343939345A205739532030303530325320452030302030303020|15084616|PE0SAT-12-JO21mr
2026-09-29 11:49:19|34393920492049203230353032352047204D20|15084607|PE0SAT-31-JO21mr
2026-09-29 11:49:01|52303920322046204420343932203620454520|15084635|ISAE Supaero V/UHF-JN03rn
2026-09-29 11:48:54|3030205320344E3920454520|15084598|PE0SAT-21-JO21mr
2026-09-29 11:48:53|45454D5445204939204520|15083903|DEX-ONE-JO20ul
2026-09-29 11:48:52|4554204D2045395220|15075039|Groundstation OM4ATC-JN99be
2026-09-29 11:48:09|5520343939344F204520453239204949413020314420|15084635|ISAE Supaero V/UHF-JN03rn
2026-09-29 11:48:06|44204F20303030204845204520|15084598|PE0SAT-21-JO21mr
2026-09-29 11:47:15|452030522033303020474520|15084635|ISAE Supaero V/UHF-JN03rn
2026-09-29 11:46:25|45203334393934384E20|15078437|EuroSpaceHub-UCM-IM89jn
2026-09-29 11:46:15|574F205420304A205454204D4720|15084635|ISAE Supaero V/UHF-JN03rn
2026-09-29 11:45:48|4620493934393220333030203945204535303235303030304E20|15078437|EuroSpaceHub-UCM-IM89jn
2026-09-29 11:44:07|4549204534204E204120|15078437|EuroSpaceHub-UCM-IM89jn
2026-09-29 11:43:15|55204520453932205420|15078437|EuroSpaceHub-UCM-IM89jn
2026-09-29 10:14:44|453130203654204520|15084251|Sofia SAT Club - Bay Ivan-KN22lx
2026-09-29 10:14:36|41203320412045532045452030323520584520|15072771|Groundstation OM4ATC-JN99be
2026-09-29 10:14:25|4D20303045204D204520|15084251|Sofia SAT Club - Bay Ivan-KN22lx
2026-09-29 10:13:39|4533353044203030304820|15072771|Groundstation OM4ATC-JN99be
2026-09-29 10:13:29|454520544E454420452039454D20|15084251|Sofia SAT Club - Bay Ivan-KN22lx
2026-09-29 10:13:18|49453535204555204F5420|15072771|Groundstation OM4ATC-JN99be
2026-09-29 10:13:09|45204A5020492034324420|15072771|Groundstation OM4ATC-JN99be
2026-09-29 10:12:38|55204E35203130302045204D48304F532030303030304D20|15084251|Sofia SAT Club - Bay Ivan-KN22lx
2026-09-29 10:12:31|45453120304A204520352030305420|15072771|Groundstation OM4ATC-JN99be
2026-09-29 10:12:10|3030452033344F205539324D20|15072771|Groundstation OM4ATC-JN99be
2026-09-29 10:11:35|4A303030352057323530304D205430303020|15084251|Sofia SAT Club - Bay Ivan-KN22lx
2026-09-29 10:11:13|45204120562045203057204520|15072771|Groundstation OM4ATC-JN99be
2026-09-29 10:11:05|33344F204734393220|15084251|Sofia SAT Club - Bay Ivan-KN22lx
2026-09-29 10:10:31|4132352030303030305445205420|15084251|Sofia SAT Club - Bay Ivan-KN22lx
2026-09-29 10:10:09|544F20303030204E20|15084251|Sofia SAT Club - Bay Ivan-KN22lx
2026-09-29 10:09:55|4556305420413020454520|15084251|Sofia SAT Club - Bay Ivan-KN22lx
2026-09-29 10:09:12|455547203030353020|15084251|Sofia SAT Club - Bay Ivan-KN22lx
2026-09-29 10:08:51|543932304220454520|15084251|Sofia SAT Club - Bay Ivan-KN22lx
2026-09-29 04:29:51|4923205539322030303020303035204F412054352030235423|15078133|LU3ARN-GF05sk
2026-09-29 04:29:31|332034392320553932203054|15078133|LU3ARN-GF05sk
2026-09-29 04:28:31|33203439392034395320313030|15078133|LU3ARN-GF05sk
2026-09-29 04:27:31|332034393920343932203030204F30|15078133|LU3ARN-GF05sk
2026-09-29 03:40:04|3320343939343932303030205445453153203032353030303047453420|15081338|JF6FYI Nishikazu, KitaKyushu, QFH (UHF)-PM53kv
2026-09-29 03:39:00|57203030302033343920544A3220303030303035304A53203030302030303020|15081338|JF6FYI Nishikazu, KitaKyushu, QFH (UHF)-PM53kv
2026-09-29 03:37:43|553030303035204520|15081338|JF6FYI Nishikazu, KitaKyushu, QFH (UHF)-PM53kv
2026-09-29 03:37:23|452033204139204520|15081338|JF6FYI Nishikazu, KitaKyushu, QFH (UHF)-PM53kv
2026-09-29 02:35:20|55472047204A4E20553939343932204F20|15078436|EuroSpaceHub-UCM-IM89jn
2026-09-29 02:34:21|49203439322030303820|15078436|EuroSpaceHub-UCM-IM89jn
2026-09-29 02:33:40|45203030302030303020|15078436|EuroSpaceHub-UCM-IM89jn
2026-09-29 02:33:21|41204520542045454920314520|15078436|EuroSpaceHub-UCM-IM89jn
2026-09-29 02:32:21|532030303020545639203120|15078436|EuroSpaceHub-UCM-IM89jn
2026-09-29 02:31:33|45494920352030303020|15078436|EuroSpaceHub-UCM-IM89jn
2026-09-29 02:30:14|4130203334392057203036204E45454920|15078436|EuroSpaceHub-UCM-IM89jn
2026-09-29 02:29:14|303035303235205420|15078436|EuroSpaceHub-UCM-IM89jn
2026-09-29 02:28:54|572034393920414420|15078436|EuroSpaceHub-UCM-IM89jn
2026-09-29 02:27:14|4120305130204D4920|15078436|EuroSpaceHub-UCM-IM89jn
2026-09-29 01:00:46|4420544D2030203020|15078435|EuroSpaceHub-UCM-IM89jn
2026-09-29 01:00:28|3130204F2054203320|15078435|EuroSpaceHub-UCM-IM89jn
2026-09-29 00:58:59|4D2034394F2054393230303020303035304F3530303039204F3020|15078435|EuroSpaceHub-UCM-IM89jn
2026-09-29 00:57:56|54204920412057303030303035303235302030303020|15078435|EuroSpaceHub-UCM-IM89jn
2026-09-29 00:57:26|54203334393934393220|15078435|EuroSpaceHub-UCM-IM89jn
2026-09-29 00:55:02|554520412030304F20|15078380|DEX-ONE-JO20ul
2026-09-29 00:54:42|4F20303049204D20453932203920|15078380|DEX-ONE-JO20ul
2026-09-29 00:54:05|454F20454D412030304F20|15082041|PE0SAT-21-JO21mr
2026-09-29 00:53:54|3030303920303235205420|15082049|PE0SAT-31-JO21mr
2026-09-29 00:53:53|5420454920414A4520|15080464|GS ChNord VHF/UHF-JO10kq
2026-09-29 00:53:50|45453030304D204520|15078380|DEX-ONE-JO20ul
2026-09-29 00:53:47|4130204520544F204F3030303920|15082041|PE0SAT-21-JO21mr
2026-09-29 00:53:46|33492039343949203030304F20|15082057|PE0SAT-12-JO21mr
2026-09-29 00:53:34|413020332039203420|15082049|PE0SAT-31-JO21mr
2026-09-29 00:53:34|453020332055205654205420|15078380|DEX-ONE-JO20ul
2026-09-29 00:53:02|3334393934392054303039204A3035303235204D303039204F3020|15082057|PE0SAT-12-JO21mr
2026-09-29 00:53:02|3334393934393230303030303530323530303030303020|15082075|ISAE Supaero V/UHF-JN03rn
2026-09-29 00:52:57|4148203049203130204F20|15080464|GS ChNord VHF/UHF-JO10kq
2026-09-29 00:52:56|5430353045205730205420|15082041|PE0SAT-21-JO21mr
2026-09-29 00:52:56|455530353044203130204520|15082049|PE0SAT-31-JO21mr
2026-09-29 00:52:55|4F2041303530322045553020|15078380|DEX-ONE-JO20ul
2026-09-29 00:52:38|453939205320412030304720|15080464|GS ChNord VHF/UHF-JO10kq
2026-09-29 00:52:37|4D2034394F20454F20303920|15082041|PE0SAT-21-JO21mr
2026-09-29 00:52:37|3439393549452032394520|15082049|PE0SAT-31-JO21mr
2026-09-29 00:52:34|41532030323530303020384920|15078435|EuroSpaceHub-UCM-IM89jn
2026-09-29 00:52:29|4531204D343939344520|15078380|DEX-ONE-JO20ul
2026-09-29 00:52:15|332041393934204F2030304F45204520|15078435|EuroSpaceHub-UCM-IM89jn
2026-09-29 00:51:58|3334393934393230303030303530323530303030303020|15082075|ISAE Supaero V/UHF-JN03rn
2026-09-29 00:51:58|49203439393439323030494520313035204F493235303030204720313020|15082041|PE0SAT-21-JO21mr
2026-09-29 00:51:58|4D303020303745454520|15080033|Dunchurch-IO92ii
2026-09-29 00:51:58|4D3035204741323530303030303020|15082057|PE0SAT-12-JO21mr
2026-09-29 00:51:51|4530482045455720452030304720|15078380|DEX-ONE-JO20ul
2026-09-29 00:51:44|4520553939204520454F20303035203920|15080033|Dunchurch-IO92ii
2026-09-29 00:51:33|3130303030205420543030303020|15078435|EuroSpaceHub-UCM-IM89jn
2026-09-29 00:51:33|4D2034393920343932303920|15082057|PE0SAT-12-JO21mr
2026-09-29 00:51:32|41394F203439323020|15078380|DEX-ONE-JO20ul
2026-09-29 00:51:23|454D3520303038204D20414520|15081604|DG5YHK-JO32lc
2026-09-29 00:50:54|3334393934393230303030303530323530303030303020|15082075|ISAE Supaero V/UHF-JN03rn
2026-09-29 00:50:54|33343920343932303030303035204E204F3530303030303020|15082041|PE0SAT-21-JO21mr
2026-09-29 00:50:54|4545204545204D4545302030303020|15078380|DEX-ONE-JO20ul
2026-09-29 00:50:53|5445203030302038494E4520|15080033|Dunchurch-IO92ii
2026-09-29 00:50:51|4520454545204545204545454545454545204520452049204549204520452045494520|15081604|DG5YHK-JO32lc
2026-09-29 00:50:36|4920412054203130302030304520|15078380|DEX-ONE-JO20ul
2026-09-29 00:50:33|452054495441544520495445454520494545204520454545454545205445455420452049204545204920492045452045452049203432203030494555204C20|15081604|DG5YHK-JO32lc
2026-09-29 00:50:29|304F4520382054303020|15078435|EuroSpaceHub-UCM-IM89jn
2026-09-29 00:50:29|304520534F20304F20|15080033|Dunchurch-IO92ii
2026-09-29 00:49:59|452034393934394920|15078435|EuroSpaceHub-UCM-IM89jn
2026-09-29 00:49:50|45203439392034394A204741314F4554203030353032532045205420452045204E41204E20323020|15082041|PE0SAT-21-JO21mr
2026-09-29 00:49:50|333439393439323030303030353032353030302030303020|15082075|ISAE Supaero V/UHF-JN03rn
2026-09-29 00:49:31|4920452045452045492045454520|15081604|DG5YHK-JO32lc
2026-09-29 00:49:20|452045204520455420|15081604|DG5YHK-JO32lc
2026-09-29 00:48:47|413030203030302033205439392034393230303020303020304F482030303030303020|15082075|ISAE Supaero V/UHF-JN03rn
2026-09-29 00:48:44|54393220303020452030303020304420|15082041|PE0SAT-21-JO21mr
2026-09-28 23:19:55|54302047204F20544F20|15081741|Sofia SAT Club - Bay Ivan-KN22lx
2026-09-28 23:19:11|563030304520303235204520|15081741|Sofia SAT Club - Bay Ivan-KN22lx
2026-09-28 23:18:52|452049203320412045205420|15081741|Sofia SAT Club - Bay Ivan-KN22lx
2026-09-28 23:17:57|493030303020334920503934393247204530204E20|15081741|Sofia SAT Club - Bay Ivan-KN22lx
2026-09-28 23:17:04|4F3039203030302049204520533220573030303035455732354720|15081741|Sofia SAT Club - Bay Ivan-KN22lx
2026-09-28 23:15:54|33342057204F203130304520|15081741|Sofia SAT Club - Bay Ivan-KN22lx
2026-09-28 16:23:27|323047204A354F2045203020|15077687|KC1OCA  UC-4364-531R (UHF)-FN32uc
2026-09-28 16:23:02|4556205639452045204920|15077687|KC1OCA  UC-4364-531R (UHF)-FN32uc
2026-09-28 16:22:23|4F2047204545204530203920|15077687|KC1OCA  UC-4364-531R (UHF)-FN32uc
2026-09-28 16:22:07|54393220383030203020|15077687|KC1OCA  UC-4364-531R (UHF)-FN32uc
2026-09-28 16:21:51|49454549204D20564F20|15077687|KC1OCA  UC-4364-531R (UHF)-FN32uc
2026-09-28 13:12:20|49203030302030205620554F20|15068323|EuroSpaceHub-UCM-IM89jn
2026-09-28 13:11:24|453920544D204A203020|15068323|EuroSpaceHub-UCM-IM89jn
2026-09-28 13:10:47|4D204F20324520454930304D20|15068323|EuroSpaceHub-UCM-IM89jn
2026-09-28 13:10:17|49203920344F2033344F204F34394920|15068323|EuroSpaceHub-UCM-IM89jn
2026-09-28 13:09:44|4D3530304F2045203020|15068323|EuroSpaceHub-UCM-IM89jn
2026-09-28 13:09:24|4D2034394E205A204F205220392047205220|15068323|EuroSpaceHub-UCM-IM89jn
2026-09-28 13:05:24|4F3030204E204A30304F20|15068323|EuroSpaceHub-UCM-IM89jn
2026-09-28 13:04:24|4C204D203030452045302030304520|15068323|EuroSpaceHub-UCM-IM89jn
2026-09-28 13:03:22|4545204549205720453020|15068323|EuroSpaceHub-UCM-IM89jn
2026-09-28 11:37:38|31303020333445204520343932303030303020303235303030303020|15079863|ISAE Supaero V/UHF-JN03rn
2026-09-28 11:36:48|57303920453030204A32203920|15068322|EuroSpaceHub-UCM-IM89jn
2026-09-28 11:36:28|49204F204D204A203020492049204F35303020|15079863|ISAE Supaero V/UHF-JN03rn
2026-09-28 11:36:21|3334393945204120303035204E20|15078299|DEX-X-JO20ul
2026-09-28 11:36:05|302045204530452054454520|15078357|DEX-ONE-JO20ul
2026-09-28 11:35:33|333439393420323030303030353045204530303030303020|15079863|ISAE Supaero V/UHF-JN03rn
2026-09-28 11:35:32|3120492057204D4553424520|15067568|Groundstation OM4ATC-JN99be
2026-09-28 11:35:31|4F353030303945204520|15078299|DEX-X-JO20ul
2026-09-28 11:35:15|4120572041205520305120|15078357|DEX-ONE-JO20ul
2026-09-28 11:35:12|33205647204E2041393230303020|15078299|DEX-X-JO20ul
2026-09-28 11:34:46|41204439344D204120303030204D20|15068322|EuroSpaceHub-UCM-IM89jn
2026-09-28 11:34:29|3320343939343932303030204D203035303235303030204D3020|15079863|ISAE Supaero V/UHF-JN03rn
2026-09-28 11:34:29|572056393920343932303030203030353032353039382030303020|15078299|DEX-X-JO20ul
2026-09-28 11:34:22|494D2056392039204520454E352030304920|15078357|DEX-ONE-JO20ul
2026-09-28 11:34:04|45203030302033203439204857204E2053204520|15079842|PE0SAT-31-JO21mr
2026-09-28 11:34:03|5439393437204F203020|15067568|Groundstation OM4ATC-JN99be
2026-09-28 11:34:01|4A3220493030304F20|15068322|EuroSpaceHub-UCM-IM89jn
2026-09-28 11:33:43|54593220303030203720|15068322|EuroSpaceHub-UCM-IM89jn
2026-09-28 11:33:26|3348204A3934393230303030203530323530303030303020|15079863|ISAE Supaero V/UHF-JN03rn
2026-09-28 11:33:26|532053204B3035395445203D4E2055303020|15078357|DEX-ONE-JO20ul
2026-09-28 11:33:26|3554452045452045413920|15078299|DEX-X-JO20ul
2026-09-28 11:33:14|33343939344D20454D3030353032204520|15079842|PE0SAT-31-JO21mr
2026-09-28 11:33:04|4D2045484520553020554520|15067568|Groundstation OM4ATC-JN99be
2026-09-28 11:33:02|4545205445454520544720|15079863|ISAE Supaero V/UHF-JN03rn
2026-09-28 11:33:02|4545205445454520544D20|15079863|ISAE Supaero V/UHF-JN03rn
2026-09-28 11:32:53|454A304E2049204D203439204520|15078357|DEX-ONE-JO20ul
2026-09-28 11:32:22|464549452045205435303030304720454C20|15079842|PE0SAT-31-JO21mr
2026-09-28 11:32:22|3334393934393230303030303530323530303030303020|15079863|ISAE Supaero V/UHF-JN03rn
2026-09-28 11:32:12|5730204A2049205753203820|15067568|Groundstation OM4ATC-JN99be
2026-09-28 11:32:01|45454545454520454520454520|15079863|ISAE Supaero V/UHF-JN03rn
2026-09-28 11:32:01|45454545454520454520454520|15079863|ISAE Supaero V/UHF-JN03rn
2026-09-28 11:31:55|454920455320345420|15078357|DEX-ONE-JO20ul
2026-09-28 11:31:18|3334393934393230303030303530323530303030303020|15079863|ISAE Supaero V/UHF-JN03rn
2026-09-28 11:30:42|4E205420474554204E20|15067568|Groundstation OM4ATC-JN99be
2026-09-28 11:30:15|3334393934393230303030303530323530303030303020|15079863|ISAE Supaero V/UHF-JN03rn
2026-09-28 11:29:11|333439393439323030303030492030323530303030303020|15079863|ISAE Supaero V/UHF-JN03rn
2026-09-28 11:28:45|454E20532045304820303235394C20452030303020|15068322|EuroSpaceHub-UCM-IM89jn
2026-09-28 11:28:18|4D2034393920343941203920|15068322|EuroSpaceHub-UCM-IM89jn
2026-09-28 11:28:07|3334393920343932304E2054303030353032353039204D30303020|15079863|ISAE Supaero V/UHF-JN03rn
2026-09-28 11:27:41|303030203030534520|15068322|EuroSpaceHub-UCM-IM89jn
2026-09-28 11:27:24|4130204520564720572030303020303020|15068322|EuroSpaceHub-UCM-IM89jn
2026-09-28 11:27:03|4F30482045204135303030204441303020|15079863|ISAE Supaero V/UHF-JN03rn
2026-09-28 11:26:39|34394D205520303920|15079863|ISAE Supaero V/UHF-JN03rn
2026-09-28 09:54:59|492045204520484320|15072764|Apomahon-KM18ub
2026-09-28 09:51:51|56304F2045205720545320|15072764|Apomahon-KM18ub
2026-09-28 04:50:09|45412033203445205320304253592030303520304F20|15077075|(¯`·._.·(¯`·._.· I LOVE BALI ·._.·´¯)·._.·´¯)-OI71og
2026-09-28 04:48:57|454520454920494D20304920|15077075|(¯`·._.·(¯`·._.· I LOVE BALI ·._.·´¯)·._.·´¯)-OI71og
2026-09-28 04:13:58|4539203439322030303020303035204F4D323520303039|15070503|LU3ARN-GF05sk
2026-09-28 04:13:38|33203439392034393220304E|15070503|LU3ARN-GF05sk
2026-09-28 04:13:29|4530304F2033204520|15077217|DIYSATELLITE-GF05ug
2026-09-28 04:12:47|333439392045534A203030303030355A20|15077217|DIYSATELLITE-GF05ug
2026-09-28 04:12:38|332034393920344E205332203030302045|15070503|LU3ARN-GF05sk
2026-09-28 04:11:59|413845454920333439392055393230304D2045203030353045203030302030303020|15077217|DIYSATELLITE-GF05ug
2026-09-28 04:10:38|3320344F2034393220303030203030352054205453|15070503|LU3ARN-GF05sk
2026-09-28 04:09:59|3035203020452054545445204A2030544A4D4F|15070503|LU3ARN-GF05sk
2026-09-28 03:22:53|4120543939343841203030302047412046454520|15076317|JF6FYI Nishikazu, KitaKyushu, QFH (UHF)-PM53kv
2026-09-28 03:22:03|453020303035203032203130302030303020|15076317|JF6FYI Nishikazu, KitaKyushu, QFH (UHF)-PM53kv
2026-09-28 03:21:29|303030203334394F20|15076317|JF6FYI Nishikazu, KitaKyushu, QFH (UHF)-PM53kv
2026-09-28 03:20:49|4520492054204520454A5320303235203020|15076317|JF6FYI Nishikazu, KitaKyushu, QFH (UHF)-PM53kv
2026-09-28 00:44:09|452045204520454553454545352045452045494920|15068321|EuroSpaceHub-UCM-IM89jn
2026-09-28 00:43:45|452053494545454520|15068321|EuroSpaceHub-UCM-IM89jn
2026-09-28 00:43:32|4A3020452045204520|15068321|EuroSpaceHub-UCM-IM89jn
2026-09-28 00:42:57|3320342052322030303020303035204D452031534520|15068321|EuroSpaceHub-UCM-IM89jn
2026-09-28 00:42:28|3334393934393220303030303035303248203930302030513020|15077282|ISAE Supaero V/UHF-JN03rn
2026-09-28 00:41:24|3334393934393230303030303530323530303030303020|15077282|ISAE Supaero V/UHF-JN03rn
2026-09-28 00:40:58|5432492038303030303020|15068321|EuroSpaceHub-UCM-IM89jn
2026-09-28 00:40:43|542041393934205720303030303035304520|15068321|EuroSpaceHub-UCM-IM89jn
2026-09-28 00:40:21|3334393934393230303030303530323530303030303020|15077282|ISAE Supaero V/UHF-JN03rn
2026-09-28 00:39:54|45205730303854204E20|15068321|EuroSpaceHub-UCM-IM89jn
2026-09-28 00:39:17|3334393934393230303030303530323530303030303020|15077282|ISAE Supaero V/UHF-JN03rn
2026-09-28 00:38:13|332054393934393230303030303530323530303030303020|15077282|ISAE Supaero V/UHF-JN03rn
2026-09-28 00:38:04|4545452048454545204520|15077282|ISAE Supaero V/UHF-JN03rn
2026-09-28 00:38:04|454549454545532045452053454520|15077282|ISAE Supaero V/UHF-JN03rn
2026-09-28 00:37:09|3334393934393230303030303530323530303030303020|15077282|ISAE Supaero V/UHF-JN03rn
2026-09-28 00:37:09|30452057304F204D3020|15077248|PE0SAT-21-JO21mr
2026-09-28 00:37:03|45204545494545455320|15077282|ISAE Supaero V/UHF-JN03rn
2026-09-28 00:36:45|45532053452045494535454520|15077282|ISAE Supaero V/UHF-JN03rn
2026-09-28 00:36:45|53204920454945354520|15077282|ISAE Supaero V/UHF-JN03rn
2026-09-28 00:36:44|4D20344745203932304F20|15077248|PE0SAT-21-JO21mr
2026-09-28 00:36:26|4D203447452032303030303035204E20|15068321|EuroSpaceHub-UCM-IM89jn
2026-09-28 00:36:06|333439203439323030303030353020413530303030303020|15077282|ISAE Supaero V/UHF-JN03rn
2026-09-28 00:36:05|33204950393439322037203130304F20303235304F3030303920|15077248|PE0SAT-21-JO21mr
2026-09-28 00:35:02|3334393934393230303030303530323530303030303020|15077282|ISAE Supaero V/UHF-JN03rn
2026-09-28 00:35:02|33343939343932203030303030353032492030303030304520|15077248|PE0SAT-21-JO21mr
2026-09-28 00:34:12|32203030205520413947204545344F20|15068321|EuroSpaceHub-UCM-IM89jn
2026-09-28 00:33:58|3334393934393230303030303530323530303030303020|15077282|ISAE Supaero V/UHF-JN03rn
2026-09-28 00:33:58|31353032353030392038573020|15077248|PE0SAT-21-JO21mr
2026-09-28 00:33:34|3030303030302055393934393230304E20|15077248|PE0SAT-21-JO21mr
2026-09-28 00:32:54|30393020333439392034393230303030303530323530303030303020|15077282|ISAE Supaero V/UHF-JN03rn
2026-09-28 00:32:35|55204F203030302047454520|15077248|PE0SAT-21-JO21mr
2026-09-28 00:31:41|54203334393934393220303030303035303235304D20|15077282|ISAE Supaero V/UHF-JN03rn
2026-09-28 00:31:34|492045204545545520|15077248|PE0SAT-21-JO21mr
2026-09-27 23:02:24|4F30303020492037205320304F3720304920|15072189|Apomahon-KM18ub
2026-09-27 23:01:52|4A3520492052203320454520454520|15072189|Apomahon-KM18ub
2026-09-27 23:00:19|57203449452030304F20|15072189|Apomahon-KM18ub
2026-09-27 17:42:20|4520454120304F2045204520|15069975|KC1OCA  UC-4364-531R (UHF)-FN32uc
2026-09-27 17:41:19|47204D552045204F482030304D4920|15069975|KC1OCA  UC-4364-531R (UHF)-FN32uc
2026-09-27 17:23:06|332034393920343932204F2045204A2030303520303235|15068114|LU3ARN-GF05sk
2026-09-27 17:22:06|5439392048455454204D20542330302030303520392045452045205739|15068114|LU3ARN-GF05sk
2026-09-27 17:21:46|33203439392048455454204D2054|15068114|LU3ARN-GF05sk
2026-09-27 17:21:06|413932203030302023454F20414F323520303030204F|15068114|LU3ARN-GF05sk
2026-09-27 17:20:46|332053204120452041393220303054|15068114|LU3ARN-GF05sk
2026-09-27 17:20:06|3220303030205454204A352030323520303030204D4520234F|15068114|LU3ARN-GF05sk
2026-09-27 16:46:03|452030304F2049334520|15072671|(¯`·._.·(¯`·._.· I LOVE BALI ·._.·´¯)·._.·´¯)-OI71og
2026-09-27 16:45:48|31305120303035204220|15072671|(¯`·._.·(¯`·._.· I LOVE BALI ·._.·´¯)·._.·´¯)-OI71og
2026-09-27 16:45:00|452049203853362030305820|15072671|(¯`·._.·(¯`·._.· I LOVE BALI ·._.·´¯)·._.·´¯)-OI71og
2026-09-27 16:44:34|45204D204139392034394A20364520|15072671|(¯`·._.·(¯`·._.· I LOVE BALI ·._.·´¯)·._.·´¯)-OI71og
2026-09-27 12:58:30|4D20542045454F20305349204541203030203920|15075034|DK0SB-VHF/UHF-Hi-JO31ok
2026-09-27 12:57:41|3320343939343932303030303035303235203030302030303020|15075034|DK0SB-VHF/UHF-Hi-JO31ok
2026-09-27 12:56:37|3334393934393230303030303530323530303030303020|15075034|DK0SB-VHF/UHF-Hi-JO31ok
2026-09-27 12:55:34|3334393920343932303030303035304A3530303030303020|15075034|DK0SB-VHF/UHF-Hi-JO31ok
2026-09-27 12:55:33|4A3020392053205420|15068320|EuroSpaceHub-UCM-IM89jn
2026-09-27 12:54:46|45205420553030203920|15068320|EuroSpaceHub-UCM-IM89jn
2026-09-27 12:54:30|55204A39343932303030205420303530323530303039203020|15075034|DK0SB-VHF/UHF-Hi-JO31ok
2026-09-27 12:53:26|333439393439324F204F303030353032353920543030303020|15075034|DK0SB-VHF/UHF-Hi-JO31ok
2026-09-27 12:52:59|453939342047204D204F54554E204120|15068320|EuroSpaceHub-UCM-IM89jn
2026-09-27 12:52:53|5520553939342041204F20303030204F3035304120313020|15068320|EuroSpaceHub-UCM-IM89jn
2026-09-27 12:52:23|4D3530303030303020|15075034|DK0SB-VHF/UHF-Hi-JO31ok
2026-09-27 12:52:06|4F3020333439204732303030303035204D20|15075034|DK0SB-VHF/UHF-Hi-JO31ok
2026-09-27 12:51:13|313530323530303020|15075034|DK0SB-VHF/UHF-Hi-JO31ok
2026-09-27 12:50:56|5530303030204A39343230304F20|15075034|DK0SB-VHF/UHF-Hi-JO31ok
2026-09-27 12:50:03|4A303020492030324820|15075034|DK0SB-VHF/UHF-Hi-JO31ok
2026-09-27 12:49:45|572045203934394520|15075034|DK0SB-VHF/UHF-Hi-JO31ok
2026-09-27 12:49:10|452049205735304F204D2030304E20|15075034|DK0SB-VHF/UHF-Hi-JO31ok
2026-09-27 12:48:45|45203030302054203020|15068320|EuroSpaceHub-UCM-IM89jn
2026-09-27 12:48:28|41303038204D35204720|15068320|EuroSpaceHub-UCM-IM89jn
2026-09-27 12:47:21|54204120303030305420|15068320|EuroSpaceHub-UCM-IM89jn
2026-09-27 12:46:37|4A42204D2030304420|15068320|EuroSpaceHub-UCM-IM89jn
2026-09-27 12:46:09|4F204F303920454120543932204520|15068320|EuroSpaceHub-UCM-IM89jn
2026-09-27 11:19:56|452030452041205420|15062416|EuroSpaceHub-UCM-IM89jn
2026-09-27 11:19:20|452047204D20452045205420|15068256|DEX-ONE-JO20ul
2026-09-27 11:19:04|5320492055522030204F20|15062416|EuroSpaceHub-UCM-IM89jn
2026-09-27 11:18:43|33203439203439322030303020304E204F4520304F4554454120|15072552|PE0SAT-21-JO21mr
2026-09-27 11:18:26|343020392045204E304420|15062439|Groundstation OM4ATC-JN99be
2026-09-27 11:18:26|42204420454920454550454520|15068256|DEX-ONE-JO20ul
2026-09-27 11:18:20|412045204A20302030304920|15062416|EuroSpaceHub-UCM-IM89jn
2026-09-27 11:17:45|332045204A3934393420303030304F54353032352030303030303020|15072552|PE0SAT-21-JO21mr
2026-09-27 11:17:35|45534520452054424520303253203820|15068256|DEX-ONE-JO20ul
2026-09-27 11:17:16|552045205420555320|15062439|Groundstation OM4ATC-JN99be
2026-09-27 11:17:16|45204533392034393420|15068256|DEX-ONE-JO20ul
2026-09-27 11:17:02|333439204F2054303030354F20|15062416|EuroSpaceHub-UCM-IM89jn
2026-09-27 11:16:41|454545204845204520|15062439|Groundstation OM4ATC-JN99be
2026-09-27 11:16:41|333454393439204D30303020323035303248204A3030303020|15072552|PE0SAT-21-JO21mr
2026-09-27 11:16:41|4530205420454545454520|15068256|DEX-ONE-JO20ul
2026-09-27 11:16:32|544E20324E20414520|15062439|Groundstation OM4ATC-JN99be
2026-09-27 11:16:27|494544554E2045344E4554492039204520|15068256|DEX-ONE-JO20ul
2026-09-27 11:16:13|454F4552204A2054393220|15062439|Groundstation OM4ATC-JN99be
2026-09-27 11:16:10|492054205220485420|15068256|DEX-ONE-JO20ul
2026-09-27 11:15:38|3135303220303030204D3020|15072552|PE0SAT-21-JO21mr
2026-09-27 11:15:37|454E4B20452045204520|15068256|DEX-ONE-JO20ul
2026-09-27 11:15:24|452045452045554620|15068256|DEX-ONE-JO20ul
2026-09-27 11:15:23|352035492045204533302030304920304920|15062439|Groundstation OM4ATC-JN99be
2026-09-27 11:15:15|4F20454D2030303920|15072552|PE0SAT-21-JO21mr
2026-09-27 11:15:03|3320314E204920333449454545204520|15062439|Groundstation OM4ATC-JN99be
2026-09-27 11:14:28|49204F204930204520|15072552|PE0SAT-21-JO21mr
2026-09-27 11:14:10|5430204D20572030304520|15062439|Groundstation OM4ATC-JN99be
2026-09-27 11:13:03|5720343939204139322030303020303035203032532030303030303020|15062416|EuroSpaceHub-UCM-IM89jn
2026-09-27 11:10:54|45455730203039204D2045205439322054205730304E4120303235204D20322030305420|15062416|EuroSpaceHub-UCM-IM89jn
2026-09-27 08:27:28|45204520454849204520|15062840|dm43-DM43bl
2026-09-27 06:47:28|452054203147203320|15069918|KC1OCA  UC-4364-531R (UHF)-FN32uc
2026-09-27 03:57:29|41303020544545205435203032352030452045204F54204F4520572049|15066366|LU3ARN-GF05sk
2026-09-27 03:57:09|3320343939203439322030303020544545205435|15066366|LU3ARN-GF05sk
2026-09-27 03:56:25|452045454545562030303020|15069335|DIYSATELLITE-GF05ug
2026-09-27 03:56:09|3320344D2039203439322030303020303049452054205432|15066366|LU3ARN-GF05sk
2026-09-27 03:56:07|3320454A58204A303030303020|15069335|DIYSATELLITE-GF05ug
2026-09-27 03:55:21|31303030304D4520333439393439323030303030353032353030302059303020|15069335|DIYSATELLITE-GF05ug
2026-09-27 03:55:09|542034393920343932203030302030303520303235203054|15066366|LU3ARN-GF05sk
2026-09-27 03:53:49|3320344F204F20343932203047|15066366|LU3ARN-GF05sk
2026-09-27 02:02:03|54442052204520564F20|15062415|EuroSpaceHub-UCM-IM89jn
2026-09-27 02:01:08|33345A204554303030303020|15062415|EuroSpaceHub-UCM-IM89jn
2026-09-27 02:00:31|55343939532050323030302030303530322030303030303020|15069783|ISAE Supaero V/UHF-JN03rn
2026-09-27 01:59:28|4D303030352047203235303920542030303020|15069783|ISAE Supaero V/UHF-JN03rn
2026-09-27 01:59:00|412033344F204E3439324720|15069783|ISAE Supaero V/UHF-JN03rn
2026-09-27 01:59:00|45204E2049204D204F205520|15062415|EuroSpaceHub-UCM-IM89jn
2026-09-27 01:58:21|4520343939344F204F20303030204D2030353032354D20453030304F20|15069783|ISAE Supaero V/UHF-JN03rn
2026-09-27 01:57:20|31304820304F35303058205420333020|15069783|ISAE Supaero V/UHF-JN03rn
2026-09-27 01:56:58|30303030203932303030204E20|15067793|M0EYT-IO80xs
2026-09-27 01:56:55|3334393720343932303920|15069783|ISAE Supaero V/UHF-JN03rn
2026-09-27 01:56:16|30323530303030304F20|15069783|ISAE Supaero V/UHF-JN03rn
2026-09-27 01:55:59|4959203320454520553030303020|15067793|M0EYT-IO80xs
2026-09-27 01:55:56|53204E39343932303030305420|15069783|ISAE Supaero V/UHF-JN03rn
2026-09-27 01:55:47|4545205A49204D575820|15062415|EuroSpaceHub-UCM-IM89jn
2026-09-27 01:55:27|41204539205530302054204520|15062415|EuroSpaceHub-UCM-IM89jn
2026-09-27 01:55:13|33343939352049323030303030353046452031303030303020|15069783|ISAE Supaero V/UHF-JN03rn
2026-09-27 01:55:13|4F204545452045204A20|15069747|PE0SAT-21-JO21mr
2026-09-27 01:55:00|3020333439205720303035303220|15067793|M0EYT-IO80xs
2026-09-27 01:54:45|4D20383220352030323520303030204D45303020|15062415|EuroSpaceHub-UCM-IM89jn
2026-09-27 01:54:38|454520542045203320414F20|15069747|PE0SAT-21-JO21mr
2026-09-27 01:54:12|4D2030394F204D2055395A20|15062415|EuroSpaceHub-UCM-IM89jn
2026-09-27 01:54:09|333439393439323031302045454F303530323530303030303020|15069783|ISAE Supaero V/UHF-JN03rn
2026-09-27 01:54:02|412034393934205535303248203053494120|15067793|M0EYT-IO80xs
2026-09-27 01:53:19|4920414D4520494D4920|15062415|EuroSpaceHub-UCM-IM89jn
2026-09-27 01:53:06|3320343939203439323030302030302045204C323530303030303020|15069783|ISAE Supaero V/UHF-JN03rn
2026-09-27 01:53:03|45204F302047204D20|15062415|EuroSpaceHub-UCM-IM89jn
2026-09-27 01:52:55|45554E20454A4A3520|15067793|M0EYT-IO80xs
2026-09-27 01:52:37|4520392034393220494520|15067793|M0EYT-IO80xs
2026-09-27 01:52:02|4130302030304820394920452030303030303020|15069783|ISAE Supaero V/UHF-JN03rn
2026-09-27 01:51:32|453020333439392034394920|15069783|ISAE Supaero V/UHF-JN03rn
2026-09-27 01:50:52|304520304F2030304741204520|15069783|ISAE Supaero V/UHF-JN03rn
2026-09-27 00:26:15|452045542051484520454920494545534520454545204C50204545204553204520|15062414|EuroSpaceHub-UCM-IM89jn
2026-09-27 00:25:49|33343939353932204845455337585353203520534553205520454520454545454C5320|15069463|ISAE Supaero V/UHF-JN03rn
2026-09-27 00:25:21|31302030392053323539204F303030474520|15062414|EuroSpaceHub-UCM-IM89jn
2026-09-27 00:24:52|33344520452055393220|15062414|EuroSpaceHub-UCM-IM89jn
2026-09-27 00:24:45|333439393439323030303030352030323530303030303020|15069463|ISAE Supaero V/UHF-JN03rn
2026-09-27 00:24:18|3530323530303030304D20|15062414|EuroSpaceHub-UCM-IM89jn
2026-09-27 00:23:42|3334393934393230303030303530323530303030303020|15069463|ISAE Supaero V/UHF-JN03rn
2026-09-27 00:23:03|47204A4520543020453235204D20|15062414|EuroSpaceHub-UCM-IM89jn
2026-09-27 00:22:38|3334393934393230303030303530323530303030303020|15069463|ISAE Supaero V/UHF-JN03rn
2026-09-27 00:21:34|333439393439323030303030353032354E57303030303020|15069463|ISAE Supaero V/UHF-JN03rn
2026-09-27 00:20:59|452049204545204520|15069463|ISAE Supaero V/UHF-JN03rn
2026-09-27 00:20:59|452049204545204520|15069463|ISAE Supaero V/UHF-JN03rn
2026-09-27 00:20:30|45554E49412030303020|15069453|Sofia SAT Club - Bay Ivan-KN22lx
2026-09-27 00:20:30|3334393934393230303030303530323530303030303020|15069463|ISAE Supaero V/UHF-JN03rn
2026-09-27 00:20:11|455545303920305A20|15069453|Sofia SAT Club - Bay Ivan-KN22lx
2026-09-27 00:19:56|452045493030204520543820|15069347|PE0SAT-21-JO21mr
2026-09-27 00:19:41|4F2054393230303020|15062414|EuroSpaceHub-UCM-IM89jn
2026-09-27 00:19:27|33205439393439323030303035303235303030304F3020|15069463|ISAE Supaero V/UHF-JN03rn
2026-09-27 00:19:24|493030303030204620|15062414|EuroSpaceHub-UCM-IM89jn
2026-09-27 00:19:12|33203439392045563035203920|15069453|Sofia SAT Club - Bay Ivan-KN22lx
2026-09-27 00:19:09|3334394F204520323020|15069347|PE0SAT-21-JO21mr
2026-09-27 00:18:44|30303030304820454A20|15062414|EuroSpaceHub-UCM-IM89jn
2026-09-27 00:18:23|3334393934204F30303030303530324820303030303020|15069463|ISAE Supaero V/UHF-JN03rn
2026-09-27 00:18:23|5538204F3530304F2049303920|15069347|PE0SAT-21-JO21mr
2026-09-27 00:18:23|4A304720312033205545575420|15062414|EuroSpaceHub-UCM-IM89jn
2026-09-27 00:18:17|45204520454F352030304F20|15069453|Sofia SAT Club - Bay Ivan-KN22lx
2026-09-27 00:18:11|45204520452045204520|15058772|Groundstation OM4ATC-JN99be
2026-09-27 00:17:58|5220544720543932303920|15069347|PE0SAT-21-JO21mr
2026-09-27 00:17:19|413030303020544F20|15062414|EuroSpaceHub-UCM-IM89jn
2026-09-27 00:17:19|4D3439393439323030302030303530323530303030313020|15069463|ISAE Supaero V/UHF-JN03rn
2026-09-27 00:17:19|4F303020385545203334393934393220392033303035303235304F45452032303020|15069347|PE0SAT-21-JO21mr
2026-09-27 00:17:17|4545204520304F204520|15069453|Sofia SAT Club - Bay Ivan-KN22lx
2026-09-27 00:16:35|33203451452045303020303049205420|15062414|EuroSpaceHub-UCM-IM89jn
2026-09-27 00:16:15|54303020333439394920503230303030303530325330303030303020|15069463|ISAE Supaero V/UHF-JN03rn
2026-09-27 00:15:57|30302041205420494F2030304520303020|15069347|PE0SAT-21-JO21mr
2026-09-27 00:15:04|33203439393439323039204A30303530323530305420|15069463|ISAE Supaero V/UHF-JN03rn
2026-09-27 00:15:00|454A2054535320455730353032204520|15069347|PE0SAT-21-JO21mr
2026-09-26 19:39:33|303030304920303220|15068274|VU2JEK_Nitin-MK83sd
2026-09-26 19:39:17|30303030303020333439392034394520|15068274|VU2JEK_Nitin-MK83sd
2026-09-26 19:38:27|33343939344520303030303049203920|15068274|VU2JEK_Nitin-MK83sd
2026-09-26 19:37:39|33343939343932303030303035304F3530303030303020|15068274|VU2JEK_Nitin-MK83sd
2026-09-26 19:36:35|3334393934393230303030303530323530303030303020|15068274|VU2JEK_Nitin-MK83sd
2026-09-26 19:35:32|33204A3934393230303030303530323530303030303020|15068274|VU2JEK_Nitin-MK83sd
2026-09-26 19:34:27|332054393820544F20304420302030303520304F35303054204D20303020|15068274|VU2JEK_Nitin-MK83sd
2026-09-26 19:33:24|4D4A5320494F30303030204520|15068274|VU2JEK_Nitin-MK83sd
2026-09-26 19:33:06|4A205320544D45204F2031303020303020|15068274|VU2JEK_Nitin-MK83sd
2026-09-26 19:32:14|54204F20304F20303020|15068274|VU2JEK_Nitin-MK83sd
