seq,original_timestamp,status,hex,text
0,2026-10-03 17:26:49,OK,332034394F203420454D20234F,3 49O 4 EM #O
1,2026-10-03 17:26:09,OK,47322030303020304E20492054453235203030302054454F54,G2 000 0N I TE25 000 TEOT
2,2026-10-03 17:25:49,OK,332034394D2054393220303030204D,3 49M T92 000 M
3,2026-10-03 11:23:51,OK,45452035454A20455120,EE 5EJ EQ 
4,2026-10-03 11:23:40,OK,5020345420304F204520,P 4T 0O E 
5,2026-10-03 11:23:23,OK,3320344920543932204920,3 4I T92 I 
6,2026-10-03 11:23:22,OK,452030304720452054444520,E 00G E TDE 
7,2026-10-03 11:22:47,OK,32352039454A3030304720,25 9EJ000G 
8,2026-10-03 11:22:44,OK,45204545203120584720,E EE 1 XG 
9,2026-10-03 11:22:37,OK,453030303D2032325320,E000= 22S 
10,2026-10-03 11:22:27,OK,443420454D303020304520,D4 EM00 0E 
11,2026-10-03 11:22:26,OK,55452039343932204A305A4520,UE 9492 J0ZE 
12,2026-10-03 11:22:19,OK,4520353520543932204D20,E 55 T92 M 
13,2026-10-03 11:22:18,OK,332055204734393220,3 U G492 
14,2026-10-03 11:22:11,OK,452045205345204520,E E SE E 
15,2026-10-03 11:21:44,OK,30322030303054205720,02 000T W 
16,2026-10-03 11:21:43,OK,4130303020324420454920,A000 2D EI 
17,2026-10-03 11:21:40,OK,334420303030304420,3D 0000D 
18,2026-10-03 11:21:39,OK,324A2045204953532045204920,2J E ISS E I 
19,2026-10-03 11:21:21,OK,453030205039203420452045452030205420,E00 P9 4 E EE 0 T 
20,2026-10-03 11:21:21,OK,4D39204520303030205420,M9 E 000 T 
21,2026-10-03 11:21:19,OK,45204F2045454520454520,E O EEE EE 
22,2026-10-03 11:21:12,OK,4941492033204145204D205320,IAI 3 AE M S 
23,2026-10-03 11:20:40,OK,45572045204520573020,EW E E W0 
24,2026-10-03 11:20:37,OK,3545203220493020304820,5E 2 I0 0H 
25,2026-10-03 11:20:33,OK,34394520452056454520,49E E VEE 
26,2026-10-03 11:20:32,OK,4520522045204E20454520,E R E N EE 
27,2026-10-03 11:20:24,OK,54203439323030204548205420,T 49200 EH T 
28,2026-10-03 11:20:24,OK,555545204545203053203920,UUE EE 0S 9 
29,2026-10-03 11:19:33,OK,41204D20413949204920,A M A9I I 
30,2026-10-03 11:19:16,OK,3320544745204520314E20,3 TGE E 1N 
31,2026-10-03 09:45:56,OK,4F203030472044454D4520,O 00G DEME 
32,2026-10-03 09:44:58,OK,4F205445452045204545313820,O TEE E EE18 
33,2026-10-03 09:44:20,OK,314F2045203320564920,1O E 3 VI 
34,2026-10-03 09:43:22,OK,4D20574557205520534E20,M WEW U SN 
35,2026-10-03 08:32:34,OK,452030552045204520,E 0U E E 
36,2026-10-03 08:32:17,OK,4F4553204D20543939205644454F20303039204520,OES M T99 VDEO 009 E 
37,2026-10-03 08:31:15,OK,45205720543020304520,E W T0 0E 
38,2026-10-03 04:33:21,OK,4920304A20303820452045204434394835204520452033303549452045204520,I 0J 08 E E D49H5 E E 305IE E E 
39,2026-10-03 04:32:42,OK,45204520454520452045204520,E E EE E E E 
40,2026-10-03 04:32:00,OK,4520452045452045204520,E E EE E E 
41,2026-10-03 04:02:35,OK,4D45312030303520542045534520545420542045204520544541452054204520542045,ME1 005 T ESE TT T E E TEAE T E T E
42,2026-10-03 04:02:15,OK,3320342320343932204D4D4523453020303035,3 4# 492 MME#E0 005
43,2026-10-03 04:01:35,OK,23303520303220492045544F204554204D20303030,#05 02 I ETO ET M 000
44,2026-10-03 04:01:15,OK,3320343939203420453220303030203030352030322045,3 499 4 E2 000 005 02 E
45,2026-10-03 04:01:15,OK,3334394F20543920303030303530454520,349O T9 000050EE 
46,2026-10-03 04:00:26,OK,4449452045204A2045343939343932303030454A3035303235204520533030303054455720,DIE E J E499492000EJ05025 E S0000TEW 
47,2026-10-03 03:58:55,OK,3320344D2052204A20303054,3 4M R J 00T
48,2026-10-03 02:06:36,OK,494520314F352030304E20,IE 1O5 00N 
49,2026-10-03 02:05:37,OK,4F3530303020304D20,O5000 0M 
50,2026-10-03 02:05:21,OK,4A53203220452050322030303020303920,JS 2 E P2 000 09 
51,2026-10-03 02:04:23,OK,4F2030303030303520305320,O 000005 0S 
52,2026-10-03 02:03:33,OK,33345420455348204F354530303035203032352030305020303020,34T ESH O5E0005 025 00P 00 
53,2026-10-03 02:02:29,OK,454F203334393934394F2030303030303530323530303030303020,EO 349949O 000005025000000 
54,2026-10-03 02:01:16,OK,41303530323520304E20,A05025 0N 
55,2026-10-03 02:00:58,OK,33343939343932204720,3499492 G 
56,2026-10-03 02:00:54,OK,3330392030303020542045204E20,309 000 T E N 
57,2026-10-03 02:00:18,OK,31323530304E454120304E20,12500NEA 0N 
58,2026-10-03 02:00:00,OK,312030303020544520543939343932204D454F30204520,1 000 TE T99492 MEO0 E 
59,2026-10-03 01:59:57,OK,49303030303020454F20304341204520,I00000 EO 0CA E 
60,2026-10-03 01:59:02,OK,544549205520303030204D5730204E20,TEI U 000 MW0 N 
61,2026-10-03 01:58:59,OK,55203030302049492030303020303020,U 000 II 000 00 
62,2026-10-03 01:58:01,OK,5420544520492048592030204520,T TE I HY 0 E 
63,2026-10-03 01:57:54,OK,332048203230303820,3 H 2008 
64,2026-10-03 01:56:53,OK,573920544E452031353020,W9 TNE 150 
65,2026-10-03 00:30:56,OK,4135204F204D3020304520,A5 O M0 0E 
66,2026-10-03 00:30:35,OK,57304D2055302030304F20,W0M U0 00O 
67,2026-10-03 00:29:40,OK,55343939203439323030302030303520,U499 492000 005 
68,2026-10-03 00:28:52,OK,3334393920553932303030303035204D204F353030302030303020,3499 U92000005 M O5000 000 
69,2026-10-03 00:27:48,OK,4F35303020452030303020,O500 E 000 
70,2026-10-03 00:27:30,OK,3334393934393230303030304520,349949200000E 
71,2026-10-03 00:26:44,OK,33344E20503439323030303030203032353047203030304F20,34N P49200000 0250G 000O 
72,2026-10-03 00:25:40,OK,3030304720333439393439323030303030204A323530303030304D204520,000G 349949200000 J2500000M E 
73,2026-10-03 00:24:26,OK,31203030204D2030304920,1 00 M 00I 
74,2026-10-03 00:24:25,OK,38305320454520304320,80S EE 0C 
75,2026-10-03 00:24:23,OK,333439393420413020303035303220,34994 A0 00502 
76,2026-10-03 00:24:23,OK,49205620454C203420,I V EL 4 
77,2026-10-03 00:24:08,OK,3720303030204D34394F205032304D20,7 000 M49O P20M 
78,2026-10-03 00:24:07,OK,45204F4F452033204B4F205820,E OOE 3 KO X 
79,2026-10-03 00:23:30,OK,31323530303020304D20,125000 0M 
80,2026-10-03 00:23:29,OK,303920454F353030204F45314D20,09 EO500 OE1M 
81,2026-10-03 00:23:19,OK,49303030353032354D20,I0005025M 
82,2026-10-03 00:23:14,OK,33343920452049303030354720,349 E I0005G 
83,2026-10-03 00:23:09,OK,332034393230304E20,3 49200N 
84,2026-10-03 00:23:05,OK,33345120343932304F20,34Q 4920O 
85,2026-10-03 00:23:01,OK,333439392034394520,3499 49E 
86,2026-10-03 00:22:29,OK,313030203045204520,100 0E E 
87,2026-10-03 00:22:26,OK,4F352030303030303020,O5 000000 
88,2026-10-03 00:22:26,OK,30303020333436472054393230303030302053204F353030302030304F20,000 346G T9200000 S O5000 00O 
89,2026-10-03 00:22:25,OK,4C303020583235303031204F3920,L00 X25001 O9 
90,2026-10-03 00:22:11,OK,3320342054204520454E3020,3 4 T E EN0 
91,2026-10-03 00:22:07,OK,4520452055204539323054204530303020,E E U E920T E000 
92,2026-10-03 00:21:55,OK,5720544F454545492045204520,W TOEEEI E E 
93,2026-10-03 00:21:23,OK,3520394E20452057452030302030303020,5 9N E WE 00 000 
94,2026-10-03 00:21:16,OK,41452030323520304520,AE 025 0E 
95,2026-10-03 00:21:11,OK,572030305320304A45204720,W 00S 0JE G 
96,2026-10-03 00:20:57,OK,332054542057204520,3 TT W E 
97,2026-10-03 00:20:52,OK,45483330203045204D20343939204120,EH30 0E M 499 A 
98,2026-10-03 00:20:06,OK,545320492045205720,TS I E W 
99,2026-10-03 00:19:57,OK,45393220303030204720,E92 000 G 
100,2026-10-02 19:09:18,OK,45205520305A204D20343920,E U 0Z M 49 
101,2026-10-02 19:08:16,OK,452041393920344D20,E A99 4M 
102,2026-10-02 19:07:39,OK,314520454C494520454536204520,1E ELIE EE6 E 
103,2026-10-02 19:07:09,OK,54205320544F204520,T S TO E 
104,2026-10-02 19:06:31,OK,332055393934393230304F204A20303235304420,3 U9949200O J 0250D 
105,2026-10-02 19:05:37,OK,494920303249205630204520323020,II 02I V0 E 20 
106,2026-10-02 17:30:49,OK,4435304845453030444520,D50HEE00DE 
107,2026-10-02 17:30:32,OK,4532344F20452031304F20,E24O E 10O 
108,2026-10-02 17:29:52,OK,5734393955204F32304520303035542045453235304920485430303620,W499U O20E 005T EE250I HT006 
109,2026-10-02 17:28:48,OK,333439393439323030303039353032353030303047204A20,34994920000950250000G J 
110,2026-10-02 17:27:45,OK,3334393934393230303030303530323530303030303020,3499492000005025000000 
111,2026-10-02 17:26:41,OK,3334393934393230303030303530323530303030303020,3499492000005025000000 
112,2026-10-02 17:11:39,OK,4539203439204D20303035203020542045,E9 49 M 005 0 T E
113,2026-10-02 17:10:20,OK,3320343920344D20303030,3 49 4M 000
114,2026-10-02 17:09:39,OK,31304F54204520543520303030204D2054452031,10OT E T5 000 M TE 1
115,2026-10-02 17:09:19,OK,47203439322030304F54,G 492 00OT
116,2026-10-02 17:08:39,OK,5420544A5423352030323520304F5445204520303030,T TJT#5 025 0OTE E 000
117,2026-10-02 17:08:19,OK,49205420343939204954545420414D205320414554542045205420544A542335203045,I T 499 ITTT AM S AETT E T TJT#5 0E
118,2026-10-02 16:27:04,OK,4520454520452030454520,E EE E 0EE 
119,2026-10-02 16:26:47,OK,4920534520454520455545454920,I SE EE EUEEI 
120,2026-10-02 16:26:31,OK,454545204545204954545449204520,EEE EE ITTTI E 
121,2026-10-02 16:25:58,OK,33204520553934393220303030204F205449203032204545454530203920,3 E U9492 000 O TI 02 EEEE0 9 
122,2026-10-02 16:24:59,OK,333439393439323020454F3030353032483030204130303020,34994920 EO00502H00 A000 
123,2026-10-02 16:23:55,OK,333439393439322030303030303554324520303030303020,3499492 000005T2E 00000 
124,2026-10-02 16:22:51,OK,332034303439323030303030352045204D323530303030303020,3 40492000005 E M25000000 
125,2026-10-02 16:21:48,OK,4F2045204D47205745455720,O E MG WEEW 
126,2026-10-02 16:21:13,OK,4520542045452054394F20,E T EE T9O 
127,2026-10-02 16:20:26,OK,45205445204745204F5420,E TE GE OT 
128,2026-10-02 11:08:02,OK,452054393920454520,E T99 EE 
129,2026-10-02 11:07:26,OK,452045354549204520,E E5EI E 
130,2026-10-02 11:07:15,OK,4520303030205A454545203020,E 000 ZEEE 0 
131,2026-10-02 11:06:59,OK,45395420454E4A3030412045205435203020,E9T ENJ00A E T5 0 
132,2026-10-02 11:06:11,OK,3030353032353030204D303020,00502500 M00 
133,2026-10-02 11:05:56,OK,4557203320452045312042204520,EW 3 E E1 B E 
134,2026-10-02 11:05:54,OK,45482053204F20455420542030304520,EH S O ET T 00E 
135,2026-10-02 11:05:46,OK,3334393920343932304F20,3499 4920O 
136,2026-10-02 11:05:26,OK,302035204945372035205520344520,0 5 IE7 5 U 4E 
137,2026-10-02 11:05:07,OK,4535304D4D3030303020,E50MM0000 
138,2026-10-02 11:05:07,OK,494420522055393230372045203030482047414F352030324920454D383020,ID R U9207 E 00H GAO5 02I EM80 
139,2026-10-02 11:04:59,OK,5453204F4F20394F20,TS OO 9O 
140,2026-10-02 11:04:49,OK,4620343932203030303020,F 492 0000 
141,2026-10-02 11:04:30,OK,313030452033344520,100E 34E 
142,2026-10-02 11:04:28,OK,45204530204949204520,E E0 II E 
143,2026-10-02 11:04:04,OK,45205730203030204520553020303020,E W0 00 E U0 00 
144,2026-10-02 11:04:01,OK,4520544F35203039205720304E20,E TO5 09 W 0N 
145,2026-10-02 11:03:51,OK,4D3030204554455220,M00 ETER 
146,2026-10-02 11:03:36,OK,33204520494520343932204F20,3 E IE 492 O 
147,2026-10-02 11:03:32,OK,4A3020455720492045494F20554F20,J0 EW I EIO UO 
148,2026-10-02 11:03:27,OK,39204A4F452049205420543820,9 JOE I T T8 
149,2026-10-02 11:03:00,OK,4535204645484545534520,E5 FEHEESE 
150,2026-10-02 11:03:00,OK,303220452030593020,02 E 0Y0 
151,2026-10-02 11:02:46,OK,4A3920414E203020303220,J9 AN 0 02 
152,2026-10-02 11:02:42,OK,492053452030304820,I SE 00H 
153,2026-10-02 11:02:36,OK,332039392045204F4720,3 99 E OG 
154,2026-10-02 11:01:56,OK,45203032203030304F205420,E 02 000O T 
155,2026-10-02 11:01:55,OK,3032353054533020303820,0250TS0 08 
156,2026-10-02 11:01:33,OK,324449452045594F20304520454520,2DIE EYO 0E EE 
157,2026-10-02 11:00:37,OK,454531492053494520,EE1I SIE 
158,2026-10-02 09:29:11,OK,414520414520594920,AE AE YI 
159,2026-10-02 09:28:52,OK,4F30452054204D20544F205420,O0E T M TO T 
160,2026-10-02 09:28:03,OK,454B2030205420303020,EK 0 T 00 
161,2026-10-02 09:27:44,OK,4D5420412045204520,MT A E E 
162,2026-10-02 06:37:56,OK,45204535452057204520,E E5E W E 
163,2026-10-02 03:45:23,OK,332049414D20542054544D203439554520543020235454,3 IAM T TTM 49UE T0 #TT
164,2026-10-02 03:44:23,OK,33203439392034393220232030203030352047,3 499 492 # 0 005 G
165,2026-10-02 03:43:23,OK,33203439392034393220303020542030303520303235,3 499 492 00 T 005 025
166,2026-10-02 03:42:43,OK,35203032352030304D4520544530,5 025 00ME TE0
167,2026-10-02 03:42:23,OK,41393920343949454D2023452054204D454130352030323520304D4D,A99 49IEM #E T MEA05 025 0MM
168,2026-10-02 03:42:03,OK,332034393920343945454D2054,3 499 49EEM T
169,2026-10-02 01:50:47,OK,5A20452045544F20394520,Z E ETO 9E 
170,2026-10-02 01:49:45,OK,5720305A20574820303720,W 0Z WH 07 
171,2026-10-02 01:48:50,OK,33204553452030302030303020,3 ESE 00 000 
172,2026-10-02 01:47:46,OK,3030303035303220452030303020,0000502 E 000 
173,2026-10-02 01:47:14,OK,4530203334393920414520,E0 3499 AE 
174,2026-10-02 01:46:36,OK,333439393439323030303030353032353030474520,349949200000502500GE 
175,2026-10-02 01:45:39,OK,30303030303530323530303030303020,000005025000000 
176,2026-10-02 01:45:28,OK,303030304E205420494920304820,0000N T II 0H 
177,2026-10-02 01:45:08,OK,453020333439393420,E0 34994 
178,2026-10-02 01:44:28,OK,54393230304D2045452030303920,T9200M EE 009 
179,2026-10-02 01:44:28,OK,4F30353032204536454520,O0502 E6EE 
180,2026-10-02 01:44:12,OK,303030303020493932303030204D20,00000 I92000 M 
181,2026-10-02 01:44:08,OK,3334393934394F304520,349949O0E 
182,2026-10-02 01:43:30,OK,30323530303030304520,02500000E 
183,2026-10-02 01:43:24,OK,44205720303045204E205245204520,D W 00E N RE E 
184,2026-10-02 01:43:16,OK,3030303030203320564D205120413932303030303035203020,00000 3 VM Q A92000005 0 
185,2026-10-02 01:43:11,OK,542034393230303020304D20,T 492000 0M 
186,2026-10-02 01:43:06,OK,333030204545204820,300 EE H 
187,2026-10-02 01:42:28,OK,54382054203030302030303520304F204A30302030303020,T8 T 000 005 0O J00 000 
188,2026-10-02 01:42:26,OK,49203030303030204130534D20,I 00000 A0SM 
189,2026-10-02 01:42:10,OK,4D322030303030303520,M2 000005 
190,2026-10-02 01:42:07,OK,544520492045483020303820,TE I EH0 08 
191,2026-10-02 01:41:50,OK,5420303030203320344F20,T 000 3 4O 
192,2026-10-02 01:41:50,OK,4520303030203335534520,E 000 35SE 
193,2026-10-02 01:41:49,OK,4541204130203320555320,EA A0 3 US 
194,2026-10-02 01:41:21,OK,494F205A204120304F20,IO Z A 0O 
195,2026-10-02 01:41:10,OK,303030532049204F20,000S I O 
196,2026-10-02 01:41:10,OK,573439422053303520303520,W49B S05 05 
197,2026-10-02 01:41:09,OK,5420352042203230352030454520,T 5 B 205 0EE 
198,2026-10-02 01:40:52,OK,4520552045453D20544920,E U EE= TI 
199,2026-10-02 01:40:51,OK,332045204720344F20,3 E G 4O 
200,2026-10-02 00:14:48,OK,45454120552030304120,EEA U 00A 
201,2026-10-02 00:14:08,OK,452045474D204520303020303020304F35203043302030304D4920,E EGM E 00 00 0O5 0C0 00MI 
202,2026-10-02 00:13:04,OK,4531204C20574F5320303930203030444520,E1 L WOS 090 00DE 
203,2026-10-02 00:12:34,OK,573030304553205220453D39205520,W000ES R E=9 U 
204,2026-10-02 00:11:48,OK,454548205320455539342032303020304E495320303220,EEH S EU94 200 0NIS 02 
205,2026-10-02 00:10:52,OK,4520553939343932303039204D303530323520303030204520,E U99492009 M05025 000 E 
206,2026-10-02 00:09:53,OK,53303049572030303020,S00IW 000 
207,2026-10-02 00:09:37,OK,4F32303045203330355A20,O200E 305Z 
208,2026-10-02 00:09:18,OK,4520303030204D34394D20,E 000 M49M 
209,2026-10-02 00:08:40,OK,3334205439322030205430303048205420414920304F20,34 T92 0 T000H T AI 0O 
210,2026-10-02 00:07:46,OK,573020303035203032353030302030303020,W0 005 025000 000 
211,2026-10-02 00:07:20,OK,45204520452045204520,E E E E E 
212,2026-10-02 00:07:16,OK,4A30204F204D203334373334394E20,J0 O M 347349N 
213,2026-10-02 00:06:30,OK,554920303253205420,UI 02S T 
214,2026-10-02 00:06:19,OK,393934204D20303030204520,994 M 000 E 
215,2026-10-02 00:06:08,OK,45204520452045204520,E E E E E 
216,2026-10-02 00:05:38,OK,4520303035304C205430452054303020,E 0050L T0E T00 
217,2026-10-02 00:05:13,OK,332034392030544520,3 49 0TE 
218,2026-10-02 00:04:26,OK,4A20563932203020324F352030304520,J V92 0 2O5 00E 
219,2026-10-01 19:29:47,OK,30304E2030204520324520,00N 0 E 2E 
220,2026-10-01 19:28:48,OK,4920543939204F2030304F20304820,I T99 O 00O 0H 
221,2026-10-01 19:27:58,OK,4A20304520323235305420452057203020,J 0E 2250T E W 0 
222,2026-10-01 19:27:35,OK,4D302055344F2039323020,M0 U4O 920 
223,2026-10-01 19:26:53,OK,33344E203934393230303047203530323520303030204E20,34N 9492000G 5025 000 N 
224,2026-10-01 19:25:54,OK,332041393934393238304E4F3130354F323530382054204D3020,3 A9949280NO105O2508 T M0 
225,2026-10-01 19:24:50,OK,332034393934393230303030303530323530303030303020,3 499492000005025000000 
226,2026-10-01 19:23:46,OK,4D2034393934393230303030303530323530303030303020,M 499492000005025000000 
227,2026-10-01 19:22:43,OK,5730203030302057343939344F203030303030353032352030303030303020,W0 000 W4994O 000005025 000000 
228,2026-10-01 19:21:27,OK,413939203445204F4F20303035303220,A99 4E OO 00502 
229,2026-10-01 19:20:35,OK,3020304F204520452030303920,0 0O E E 009 
230,2026-10-01 19:20:01,OK,54392045204D204120,T9 E M A 
231,2026-10-01 17:17:07,OK,4F204E204530204720,O N E0 G 
232,2026-10-01 17:16:35,OK,4520303044203320414520,E 00D 3 AE 
233,2026-10-01 17:15:46,OK,454920532030304320,EI S 00C 
234,2026-10-01 17:15:00,OK,302F3520452053204120303030434545452044494F35303039204520,0/5 E S A 000CEEE DIO5009 E 
235,2026-10-01 17:13:37,OK,30304F204920542030304B20,00O I T 00K 
236,2026-10-01 17:12:35,OK,4553205445454948494953204520,ES TEEIHIIS E 
237,2026-10-01 17:12:17,OK,452046204930203520,E F I0 5 
238,2026-10-01 16:54:56,OK,4D204D4520452045203032352030232045204D,M ME E E 025 0# E M
239,2026-10-01 16:54:36,OK,3320344D204545492034393220303030204D4520452045203032,3 4M EEI 492 000 ME E E 02
240,2026-10-01 16:53:48,OK,32303039205420333439393439323030452030303530323530304F2030304F20,2009 T 349949200E 00502500O 00O 
241,2026-10-01 16:53:36,OK,542034393920343932203030302030303520303235203054,T 499 492 000 005 025 0T
242,2026-10-01 16:52:31,OK,33343939354A5620303030304820454720,34995JV 0000H EG 
243,2026-10-01 16:52:16,OK,33203439392049204432203047,3 499 I D2 0G
244,2026-10-01 16:51:36,OK,4F3220304D4F302030234549204520303235203030302023,O2 0MO0 0#EI E 025 000 #
245,2026-10-01 16:51:16,OK,3320494139544F2034393220304D4F302054,3 IA9TO 492 0MO0 T
246,2026-10-01 16:08:05,OK,313049204B4920445920,10I KI DY 
247,2026-10-01 16:07:32,OK,4D2055393934395220,M U9949R 
248,2026-10-01 16:06:58,OK,33343939343932203030303030354D49352030303030303020,3499492 000005MI5 000000 
249,2026-10-01 16:05:54,OK,332041454F3934393230303030303530323530303030303020,3 AEO9492000005025000000 
250,2026-10-01 12:26:45,OK,3320303248204F20303030205A20,3 02H O 000 Z 
251,2026-10-01 12:25:34,OK,303030205420453920343932204E20,000 T E9 492 N 
252,2026-10-01 12:24:43,OK,39204120303035203920,9 A 005 9 
253,2026-10-01 12:24:40,OK,4F2030303020303920,O 000 09 
254,2026-10-01 12:24:26,OK,412033343939205520,A 3499 U 
255,2026-10-01 12:24:21,OK,543249203044203320544520,T2I 0D 3 TE 
256,2026-10-01 12:23:51,OK,33204A393439452054203030304F2048305020303030203020,3 J949E T 000O H0P 000 0 
257,2026-10-01 12:23:26,OK,57303020544D204E204F204420,W00 TM N O D 
258,2026-10-01 12:22:51,OK,33343939343932204255303030302030323547303030303020,3499492 BU0000 025G00000 
259,2026-10-01 12:22:35,OK,45414920323035203020,EAI 205 0 
260,2026-10-01 12:21:48,OK,333447203934393239204D30303035303235304F203030303020,34G 94929 M00050250O 0000 
261,2026-10-01 12:20:44,LOST,,
262,2026-10-01 12:19:40,LOST,,
263,2026-10-01 12:18:21,LOST,,
264,2026-10-01 12:18:04,LOST,,
265,2026-10-01 12:17:22,OK,49204520313235204D20,I E 125 M 
266,2026-10-01 10:50:20,OK,54203030204F303020,T 00 O00 
267,2026-10-01 10:49:54,OK,303030303030204D20343939203439322030544520,000000 M 499 492 0TE 
268,2026-10-01 10:49:03,OK,41205458204520454F20,A TX E EO 
269,2026-10-01 10:49:01,OK,33344445204E4F203030303030492045454520,34DE NO 00000I EEE 
270,2026-10-01 10:48:13,OK,454D302030304520543030303020,EM0 00E T0000 
271,2026-10-01 10:48:12,OK,5320452039343955204545494558204E4520413530323539453220312F3020,S E 949U EEIEX NE A50259E2 1/0 
272,2026-10-01 10:47:06,OK,452045204D4F203120304D20,E E MO 1 0M 
273,2026-10-01 10:47:02,OK,492054395420394A304F41424520302030323530304520,I T9T 9J0OABE 0 02500E 
274,2026-10-01 10:46:04,OK,4D2054393230303030303520593235303045204520452045205320,M T92000005 Y2500E E E E S 
275,2026-10-01 10:45:01,OK,333445204F45204A3030303530323530203230303020,34E OE J00050250 2000 
276,2026-10-01 10:44:26,OK,53204520454E49204D2034204820,S E ENI M 4 H 
277,2026-10-01 10:43:55,OK,45455354204F2032323520303930304720,EEST O 225 0900G 
278,2026-10-01 10:43:37,OK,39452050594945204920,9E PYIE I 
279,2026-10-01 10:43:28,OK,49204E20454520544520455420,I N EE TE ET 
280,2026-10-01 10:42:40,OK,45204545204546204520,E EE EF E 
281,2026-10-01 07:28:19,OK,545330203030204E2030302045204A4F20,TS0 00 N 00 E JO 
282,2026-10-01 07:27:43,OK,45204839205720333420,E H9 W 34 
283,2026-10-01 07:27:16,OK,3035304F35305A204120,050O50Z A 
284,2026-10-01 07:26:51,OK,4D203439205439323045544520,M 49 T920ETE 
285,2026-10-01 07:26:12,OK,333439392034393230303030303520304620532030303030303020,3499 492000005 0F S 000000 
286,2026-10-01 07:25:46,OK,455341302055204520,ESA0 U E 
287,2026-10-01 07:25:08,OK,45452034392054393230303030303530323530303030303020,EE 49 T92000005025000000 
288,2026-10-01 07:24:04,OK,333439393439532032303030303530323520573030303020,349949S 200005025 W0000 
289,2026-10-01 07:23:46,OK,485335534920453220303120,HS5SI E2 01 
290,2026-10-01 07:23:01,OK,454853353548355353452045493520,EHS55H5SSE EI5 
291,2026-10-01 07:23:01,OK,3334393934393230303030303530323530303030303020,3499492000005025000000 
292,2026-10-01 07:22:31,OK,4945205337352045455353204520,IE S75 EESS E 
293,2026-10-01 07:21:57,OK,3334393934393230304F45452030303530323530303030303020,349949200OEE 005025000000 
294,2026-10-01 07:20:51,OK,303235304F30303920,0250O009 
295,2026-10-01 07:20:31,OK,543939343932303030204720,T99492000 G 
296,2026-10-01 07:19:49,OK,452030303030303020,E 000000 
297,2026-10-01 07:19:33,OK,45455A2053204D2030304F20513048204E20,EEZ S M 00O Q0H N 
298,2026-10-01 07:18:34,OK,49414520303245204520,IAE 02E E 
299,2026-10-01 07:18:14,OK,492045205420553939344D20,I E T U994M 
300,2026-10-01 07:17:23,OK,4E20544F20454F203020,N TO EO 0 
301,2026-10-01 01:34:58,OK,344F452045204520454520454120,4OE E E EE EA 
302,2026-10-01 01:33:41,OK,45203030392045454F20304520,E 009 EEO 0E 
303,2026-10-01 01:32:43,OK,4D303530442055204920,M050D U I 
304,2026-10-01 01:31:29,OK,452033343939344720,E 34994G 
305,2026-10-01 01:30:51,OK,492030323530303020,I 025000 
306,2026-10-01 01:30:32,OK,5639393439322030384520,V99492 08E 
307,2026-10-01 01:29:52,OK,33343959343932303030303035204A3530303030303020,349Y492000005 J5000000 
308,2026-10-01 01:28:49,OK,522054393934393230303030303530323530303030303020,R T99492000005025000000 
309,2026-10-01 01:28:45,OK,45204A303020454F204720,E J00 EO G 
310,2026-10-01 01:27:45,OK,333449204539323030303030354F532045455330303030303020,34I E92000005OS EES000000 
311,2026-10-01 01:27:35,OK,303720573520304920,07 W5 0I 
312,2026-10-01 01:27:15,OK,4F20414520544E205439544520,O AE TN T9TE 
313,2026-10-01 01:26:41,OK,333439343932203030303030353032353047453030303020,349492 0000050250GE0000 
314,2026-10-01 01:26:36,OK,55353054415320304D454541204E4520,U50TAS 0MEEA NE 
315,2026-10-01 01:26:19,OK,453030203320343939344D452032303020,E00 3 4994ME 200 
316,2026-10-01 01:25:32,OK,494F4820303030204520,IOH 000 E 
317,2026-10-01 01:25:30,OK,313035303235304420,1050250D 
318,2026-10-01 01:25:19,OK,492054393920344F2030303020584F20,I T99 4O 000 XO 
319,2026-10-01 01:25:10,OK,552034393934393220,U 499492 
320,2026-10-01 01:24:32,OK,4A3934393220492045413235303030303020,J9492 I EA2500000 
321,2026-10-01 01:24:30,OK,56554820464130203920,VUH FA0 9 
322,2026-10-01 01:24:14,OK,454A3020492048302030544520,EJ0 I H0 0TE 
323,2026-10-01 01:24:12,OK,45454820532039303845204520,EEH S 908E E 
324,2026-10-01 01:23:30,OK,48454920454532302030303020,HEI EE20 000 
325,2026-09-30 23:53:03,OK,57304520474520302030304520,W0E GE 0 00E 
326,2026-09-30 23:52:32,OK,4A3020552041204D39203420,J0 U A M9 4 
327,2026-09-30 23:51:36,OK,45204520452045204520,E E E E E 
328,2026-09-30 23:50:49,OK,493530323530304720,I502500G 
329,2026-09-30 23:50:31,OK,49394D20543932203020,I9M T92 0 
330,2026-09-30 23:49:52,OK,573030204E2045204520,W00 N E E 
331,2026-09-30 23:49:51,OK,45204520452045204520,E E E E E 
332,2026-09-30 23:49:37,OK,454545204D20563920543D4A2030304F2055303520,EEE M V9 T=J 00O U05 
333,2026-09-30 23:48:28,OK,45204520452045204520,E E E E E 
334,2026-09-30 23:48:26,OK,45454B4F203037204520,EEKO 07 E 
335,2026-09-30 20:11:44,OK,4520304E204D20304220,E 0N M 0B 
336,2026-09-30 20:10:28,OK,41204D2056394F204120305220,A M V9O A 0R 
337,2026-09-30 20:09:46,OK,3335303235205420453030204220,35025 T E00 B 
338,2026-09-30 20:09:28,OK,4520522049205439393439324D204F30204520,E R I T99492M O0 E 
339,2026-09-30 16:59:26,OK,5720564720304E203020304920,W VG 0N 0 0I 
340,2026-09-30 16:58:24,OK,494520303030204520,IE 000 E 
341,2026-09-30 16:58:07,OK,57205542204F30303020394D4520,W UB O000 9ME 
342,2026-09-30 16:58:06,OK,492030303920455545544520,I 009 EUETE 
343,2026-09-30 16:58:02,OK,2F38203535454520454545494520,/8 55EE EEEIE 
344,2026-09-30 16:57:49,OK,53552049204120495320,SU I A IS 
345,2026-09-30 16:57:22,OK,49204520454A303030303020,I E EJ00000 
346,2026-09-30 16:57:01,OK,33344F20543944205330204F20,34O T9D S0 O 
347,2026-09-30 16:56:44,OK,454548534545205720,EEHSEE W 
348,2026-09-30 16:56:18,OK,31304E452049484920,10NE IHI 
349,2026-09-30 16:56:03,OK,4545542045205044573030302054454520,EET E PDW000 TEE 
350,2026-09-30 16:56:03,OK,33343939203448203030302045204535203920,3499 4H 000 E E5 9 
351,2026-09-30 16:55:42,OK,45204F30204E204120453520,E O0 N A E5 
352,2026-09-30 16:55:15,OK,31204D2056393920554A3030542045455420303035204D45454F353030322030303020,1 M V99 UJ00T EET 005 MEEO5002 000 
353,2026-09-30 16:54:05,OK,454A5020454530204520,EJP EE0 E 
354,2026-09-30 16:53:40,OK,49204520313920544D20,I E 19 TM 
355,2026-09-30 16:37:51,OK,332034232039203439204A20545420534D,3 4# 9 49 J TT SM
356,2026-09-30 16:37:06,OK,494520452044204520,IE E D E 
357,2026-09-30 16:36:55,OK,333439393420323845343030303520,34994 28E40005 
358,2026-09-30 16:36:51,OK,3320343939203439554D2055204520233020303035,3 499 49UM U E #0 005
359,2026-09-30 16:36:07,OK,3320344E413934393238303030303530323530303030303020,3 4NA9492800005025000000 
360,2026-09-30 16:35:51,OK,332034393920343932204F45235420303035203032,3 499 492 OE#T 005 02
361,2026-09-30 16:35:03,OK,5320304649204520313020,S 0FI E 10 
362,2026-09-30 16:34:51,OK,45203439392034393220452330302030303520303220452045203054,E 499 492 E#00 005 02 E E 0T
363,2026-09-30 16:34:11,OK,452045205420482030302054542045454D453030,E E T H 00 TT EEME00
364,2026-09-30 12:11:11,OK,394545205420452047204520,9EE T E G E 
365,2026-09-30 12:10:00,OK,452030304E2045572038455420,E 00N EW 8ET 
366,2026-09-30 12:09:08,OK,4D20343939344520323035203020,M 4994E 205 0 
367,2026-09-30 12:09:07,OK,324F2045543820494520,2O ET8 IE 
368,2026-09-30 12:08:19,OK,454920304545203420,EI 0EE 4 
369,2026-09-30 12:08:17,OK,4732303030203920313235303030303920,G2000 9 12500009 
370,2026-09-30 12:07:49,OK,30303020492054494520,000 I TIE 
371,2026-09-30 12:07:47,OK,4520543045452045492041393920544920,E T0EE EI A99 TI 
372,2026-09-30 12:07:42,OK,4F303030203320564520,O000 3 VE 
373,2026-09-30 12:07:07,OK,4920303035304A20413020,I 0050J A0 
374,2026-09-30 12:07:05,OK,332041393934393220455320303030353032353020,3 A99492 ES 00050250 
375,2026-09-30 12:07:03,OK,333439393420303035304F20,34994 0050O 
376,2026-09-30 12:06:49,OK,333439393444205445454520,34994D TEEE 
377,2026-09-30 12:06:11,OK,3334394F2054393230303030303530323530303D30304F20,349O T9200000502500=00O 
378,2026-09-30 12:06:08,OK,452030303020474520,E 000 GE 
379,2026-09-30 12:06:07,OK,3030452030303020474520,00E 000 GE 
380,2026-09-30 12:05:56,OK,48204F20303030204420,H O 000 D 
381,2026-09-30 12:05:08,OK,333439204634393230475430303035203232353030544A30303020,349 F4920GT0005 22500TJ000 
382,2026-09-30 12:04:04,OK,3334393934393230303030303530323530303030303020,3499492000005025000000 
383,2026-09-30 12:03:00,OK,34393230303030302030323530303030303020,49200000 025000000 
384,2026-09-30 12:02:24,OK,303030203320344720,000 3 4G 
385,2026-09-30 12:01:48,OK,543932204F204F20303053204920414A35304F20,T92 O O 00S I AJ50O 
386,2026-09-30 12:01:20,OK,304720303020333420,0G 00 34 
387,2026-09-30 12:00:34,OK,4A3053204D3020452030303020303020,J0S M0 E 000 00 
388,2026-09-30 11:59:23,OK,392049394F2030494520,9 I9O 0IE 
389,2026-09-30 10:31:17,OK,45572030303520395420,EW 005 9T 
390,2026-09-30 10:31:00,OK,50203334393920345A20,P 3499 4Z 
391,2026-09-30 10:30:28,OK,552030303530552059304F2031303020,U 0050U Y0O 100 
392,2026-09-30 10:30:08,OK,47393439323030303920,G94920009 
393,2026-09-30 10:30:02,OK,4F542045204D3439392045593220305A20,OT E M499 EY2 0Z 
394,2026-09-30 10:29:48,OK,413020303030204D20,A0 000 M 
395,2026-09-30 10:29:43,OK,35354520452038204920,55E E 8 I 
396,2026-09-30 10:29:24,OK,4F3530303720452045313020,O5007 E E10 
397,2026-09-30 10:29:11,OK,3334393934393230303030304920534F20,349949200000I SO 
398,2026-09-30 10:29:05,OK,33344F2047343944204549204530303020,34O G49D EI E000 
399,2026-09-30 10:28:20,OK,5735303049452055303020,W500IE U00 
400,2026-09-30 10:28:19,OK,554720302038203030304E20,UG 0 8 000N 
401,2026-09-30 10:28:03,OK,3334394720413932305730303035205420,349G A920W0005 T 
402,2026-09-30 10:27:12,OK,54323520472053203320,T25 G S 3 
403,2026-09-30 10:26:55,OK,41205445203934394F2047204A30204E4F20,A TE 949O G J0 NO 
404,2026-09-30 10:26:13,OK,4B2039204A30303020,K 9 J000 
405,2026-09-30 10:25:51,OK,45204920314949204520,E I 1II E 
406,2026-09-30 10:25:04,OK,545445452038452054204545204520,TTEE 8E T EE E 
407,2026-09-30 07:42:06,OK,494320454520323030304520,IC EE 2000E 
408,2026-09-30 06:05:21,OK,45452045204520453020,EE E E E0 
409,2026-09-30 06:05:05,OK,3548203045452045454520454520,5H 0EE EEE EE 
410,2026-09-30 06:04:07,OK,45204520413932205420,E E A92 T 
411,2026-09-30 06:04:06,OK,5730204520452045205445204E20,W0 E E E TE N 
412,2026-09-30 06:03:18,OK,572039444545205630352030454920,W 9DEE V05 0EI 
413,2026-09-30 06:02:57,OK,30204F2033344D4520,0 O 34ME 
414,2026-09-30 06:02:25,OK,5A2031382053312039454520,Z 18 S1 9EE 
415,2026-09-30 06:02:17,OK,4D4F20543035303235205320,MO T05025 S 
416,2026-09-30 06:01:57,OK,452049204520333439393420,E I E 34994 
417,2026-09-30 06:01:16,OK,41343939342057303530323530384520,A4994 W0502508E 
418,2026-09-30 06:00:13,OK,543934393220494A48204F49534520,T9492 IJH OISE 
419,2026-09-30 01:16:59,OK,453220303054204F3030204520,E2 00T O00 E 
420,2026-09-30 01:16:27,OK,4530303030204520545520,E0000 E TU 
421,2026-09-30 01:15:49,OK,302033342054532041303030303520304F45204F20,0 34 TS A00005 0OE O 
422,2026-09-30 01:13:53,OK,4E352030452031303030303020,N5 0E 100000 
423,2026-09-30 01:10:30,OK,53204D2054204545545320,S M T EETS 
424,2026-09-30 01:10:24,OK,4F39343932303030204D2049205848205420,O9492000 M I XH T 
425,2026-09-30 01:10:04,OK,303030203320344D20,000 3 4M 
426,2026-09-30 01:09:42,OK,45522056203020454520,ER V 0 EE 
427,2026-09-30 01:09:29,OK,3320343920544D4F204545205430302030302041203020,3 49 TMO EE T00 00 A 0 
428,2026-09-30 01:08:56,OK,4E204541204520532030305420304920,N EA E S 00T 0I 
429,2026-09-30 01:08:06,OK,54393934394A205420,T9949J T 
430,2026-09-30 01:07:30,OK,4157203030302030304420,AW 000 00D 
431,2026-09-30 01:07:23,OK,524449204120544620,RDI A TF 
432,2026-09-30 01:07:05,OK,492045204553205420305320,I E ES T 0S 
433,2026-09-29 23:36:16,OK,543035392057303920,T059 W09 
434,2026-09-29 23:35:59,OK,4F30205433204520303020,O0 T3 E 00 
435,2026-09-29 23:35:12,OK,30353032492045303020,0502I E00 
436,2026-09-29 23:34:55,OK,5439393439204545304E20,T9949 EE0N 
437,2026-09-29 23:34:15,OK,33343939344F20452032303030304820534B49204F30303030204F20,34994O E 20000H SKI O0000 O 
438,2026-09-29 23:33:48,LOST,,
439,2026-09-29 23:33:11,LOST,,
440,2026-09-29 23:32:50,OK,332055454520322034393230303020,3 UEE 2 492000 
441,2026-09-29 23:32:08,OK,4520572045204A30303020,E W E J000 
442,2026-09-29 23:32:00,OK,45204520452045204520,E E E E E 
443,2026-09-29 20:31:00,OK,4520452032304D5520,E E 20MU 
444,2026-09-29 20:29:04,OK,413030203932204F204520,A00 92 O E 
445,2026-09-29 20:27:56,OK,393920544F2031303520,99 TO 105 
446,2026-09-29 20:27:04,OK,5730203844204530204E20,W0 8D E0 N 
447,2026-09-29 20:26:33,OK,45204520332034514720,E E 3 4QG 
448,2026-09-29 16:40:17,OK,33205620554D2030204720,3 V UM 0 G 
449,2026-09-29 16:39:35,OK,39452053303820323020,9E S08 20 
450,2026-09-29 16:38:31,OK,45204541204546204420544E20574A2059204541204220455420544A4F203030302030303020,E EA EF D TN WJ Y EA B ET TJO 000 000 
451,2026-09-29 16:37:05,OK,4545452044204520542045203230205420,EEE D E T E 20 T 
452,2026-09-29 16:20:10,OK,3320344F452045204520542030303020303045,3 4OE E E T 000 00E
453,2026-09-29 16:19:30,OK,2335204D204A3520303030203054204A,#5 M J5 000 0T J
454,2026-09-29 16:19:10,OK,33203439392049204E3220303030204E2045202335204D204A35,3 499 I N2 000 N E #5 M J5
455,2026-09-29 16:17:50,OK,332034392320455539322054,3 49# EU92 T
456,2026-09-29 13:28:58,OK,4D30204945442057203030482039204935304E204F2030384E4920,M0 IED W 00H 9 I50N O 08NI 
457,2026-09-29 13:27:30,OK,454D39344E20314520,EM94N 1E 
458,2026-09-29 13:22:35,OK,3320452039204920553020303320,3 E 9 I U0 03 
459,2026-09-29 13:21:15,OK,54204520454120303020,T E EA 00 
460,2026-09-29 13:20:15,OK,4F205620452031303520304520,O V E 105 0E 
461,2026-09-29 11:54:07,OK,542045204520454520,T E E EE 
462,2026-09-29 11:53:41,OK,532044204420543020,S D D T0 
463,2026-09-29 11:53:38,OK,3130203020553020305420,10 0 U0 0T 
464,2026-09-29 11:53:22,OK,5345205745204D4E20,SE WE MN 
465,2026-09-29 11:53:04,OK,544532352030203320554520,TE25 0 3 UE 
466,2026-09-29 11:52:56,OK,57204D2057204F20303030203920,W M W O 000 9 
467,2026-09-29 11:52:37,OK,47204F3030304B205720,G O000K W 
468,2026-09-29 11:52:16,OK,45393934393220303030204D20,E99492 000 M 
469,2026-09-29 11:52:10,OK,4A2030303920553932204F20,J 009 U92 O 
470,2026-09-29 11:52:05,OK,302049303020455520,0 I00 EU 
471,2026-09-29 11:52:02,OK,303920454553203032354F20,09 EES 025O 
472,2026-09-29 11:51:44,OK,5730303030203320343D392034394620,W0000 3 4=9 49F 
473,2026-09-29 11:51:34,OK,33343939345420303030303530322054303030303020,34994T 0000502 T00000 
474,2026-09-29 11:51:34,OK,4549454E4520542050544E5320,EIENE T PTNS 
475,2026-09-29 11:51:19,OK,3320344F4454204A59204F45205449204520,3 4ODT JY OE TI E 
476,2026-09-29 11:51:18,OK,4545454A205345205530205320454520455320,EEEJ SE U0 S EE ES 
477,2026-09-29 11:51:18,OK,4D2055514E4520453120303045204F20,M UQNE E1 00E O 
478,2026-09-29 11:51:17,OK,573439392034204520,W499 4 E 
479,2026-09-29 11:51:12,OK,4520322045204F20303030204D20,E 2 E O 000 M 
480,2026-09-29 11:50:30,OK,33204520392041393230303030542041354E5532353030303039204120,3 E 9 A920000T A5NU2500009 A 
481,2026-09-29 11:50:30,OK,3939343932303030303020454A35303030304E204F20,9949200000 EJ50000N O 
482,2026-09-29 11:50:30,OK,48204A35204F2041303020,H J5 O A00 
483,2026-09-29 11:50:27,OK,452035454520303030204E20,E 5EE 000 N 
484,2026-09-29 11:50:25,OK,45204520454A3538314E5220,E E EJ581NR 
485,2026-09-29 11:50:25,OK,42494545204545484F30204520,BIEE EEHO0 E 
486,2026-09-29 11:50:10,OK,4D30302033203434203932303030304520,M00 3 44 920000E 
487,2026-09-29 11:50:06,OK,454C4A203030544520,ELJ 00TE 
488,2026-09-29 11:50:06,OK,392045204920452035304920,9 E I E 50I 
489,2026-09-29 11:49:56,OK,4549412045474F2045454F20,EIA EGO EEO 
490,2026-09-29 11:49:26,OK,49204A30353032204B4E2031303020,I J0502 KN 100 
491,2026-09-29 11:49:26,OK,4949313520304520452041303020,II15 0E E A00 
492,2026-09-29 11:49:26,OK,41343939345A205739532030303530325320452030302030303020,A4994Z W9S 00502S E 00 000 
493,2026-09-29 11:49:19,OK,34393920492049203230353032352047204D20,499 I I 205025 G M 
494,2026-09-29 11:49:01,OK,52303920322046204420343932203620454520,R09 2 F D 492 6 EE 
495,2026-09-29 11:48:54,OK,3030205320344E3920454520,00 S 4N9 EE 
496,2026-09-29 11:48:53,OK,45454D5445204939204520,EEMTE I9 E 
497,2026-09-29 11:48:52,OK,4554204D2045395220,ET M E9R 
498,2026-09-29 11:48:09,OK,5520343939344F204520453239204949413020314420,U 4994O E E29 IIA0 1D 
499,2026-09-29 11:48:06,OK,44204F20303030204845204520,D O 000 HE E 
500,2026-09-29 11:47:15,OK,452030522033303020474520,E 0R 300 GE 
501,2026-09-29 11:46:25,OK,45203334393934384E20,E 349948N 
502,2026-09-29 11:46:15,OK,574F205420304A205454204D4720,WO T 0J TT MG 
503,2026-09-29 11:45:48,OK,4620493934393220333030203945204535303235303030304E20,F I9492 300 9E E50250000N 
504,2026-09-29 11:44:07,OK,4549204534204E204120,EI E4 N A 
505,2026-09-29 11:43:15,OK,55204520453932205420,U E E92 T 
506,2026-09-29 10:14:44,OK,453130203654204520,E10 6T E 
507,2026-09-29 10:14:36,OK,41203320412045532045452030323520584520,A 3 A ES EE 025 XE 
508,2026-09-29 10:14:25,OK,4D20303045204D204520,M 00E M E 
509,2026-09-29 10:13:39,OK,4533353044203030304820,E350D 000H 
510,2026-09-29 10:13:29,OK,454520544E454420452039454D20,EE TNED E 9EM 
511,2026-09-29 10:13:18,OK,49453535204555204F5420,IE55 EU OT 
512,2026-09-29 10:13:09,OK,45204A5020492034324420,E JP I 42D 
513,2026-09-29 10:12:38,OK,55204E35203130302045204D48304F532030303030304D20,U N5 100 E MH0OS 00000M 
514,2026-09-29 10:12:31,OK,45453120304A204520352030305420,EE1 0J E 5 00T 
515,2026-09-29 10:12:10,OK,3030452033344F205539324D20,00E 34O U92M 
516,2026-09-29 10:11:35,OK,4A303030352057323530304D205430303020,J0005 W2500M T000 
517,2026-09-29 10:11:13,OK,45204120562045203057204520,E A V E 0W E 
518,2026-09-29 10:11:05,OK,33344F204734393220,34O G492 
519,2026-09-29 10:10:31,OK,4132352030303030305445205420,A25 00000TE T 
520,2026-09-29 10:10:09,OK,544F20303030204E20,TO 000 N 
521,2026-09-29 10:09:55,OK,4556305420413020454520,EV0T A0 EE 
522,2026-09-29 10:09:12,OK,455547203030353020,EUG 0050 
523,2026-09-29 10:08:51,OK,543932304220454520,T920B EE 
524,2026-09-29 04:29:51,OK,4923205539322030303020303035204F412054352030235423,I# U92 000 005 OA T5 0#T#
525,2026-09-29 04:29:31,OK,332034392320553932203054,3 49# U92 0T
526,2026-09-29 04:28:31,OK,33203439392034395320313030,3 499 49S 100
527,2026-09-29 04:27:31,OK,332034393920343932203030204F30,3 499 492 00 O0
528,2026-09-29 03:40:04,OK,3320343939343932303030205445453153203032353030303047453420,3 499492000 TEE1S 0250000GE4 
529,2026-09-29 03:39:00,OK,57203030302033343920544A3220303030303035304A53203030302030303020,W 000 349 TJ2 0000050JS 000 000 
530,2026-09-29 03:37:43,OK,553030303035204520,U00005 E 
531,2026-09-29 03:37:23,OK,452033204139204520,E 3 A9 E 
532,2026-09-29 02:35:20,OK,55472047204A4E20553939343932204F20,UG G JN U99492 O 
533,2026-09-29 02:34:21,OK,49203439322030303820,I 492 008 
534,2026-09-29 02:33:40,OK,45203030302030303020,E 000 000 
535,2026-09-29 02:33:21,OK,41204520542045454920314520,A E T EEI 1E 
536,2026-09-29 02:32:21,OK,532030303020545639203120,S 000 TV9 1 
537,2026-09-29 02:31:33,OK,45494920352030303020,EII 5 000 
538,2026-09-29 02:30:14,OK,4130203334392057203036204E45454920,A0 349 W 06 NEEI 
539,2026-09-29 02:29:14,OK,303035303235205420,005025 T 
540,2026-09-29 02:28:54,OK,572034393920414420,W 499 AD 
541,2026-09-29 02:27:14,OK,4120305130204D4920,A 0Q0 MI 
542,2026-09-29 01:00:46,OK,4420544D2030203020,D TM 0 0 
543,2026-09-29 01:00:28,OK,3130204F2054203320,10 O T 3 
544,2026-09-29 00:58:59,OK,4D2034394F2054393230303020303035304F3530303039204F3020,M 49O T92000 0050O50009 O0 
545,2026-09-29 00:57:56,OK,54204920412057303030303035303235302030303020,T I A W0000050250 000 
546,2026-09-29 00:57:26,OK,54203334393934393220,T 3499492 
547,2026-09-29 00:55:02,OK,554520412030304F20,UE A 00O 
548,2026-09-29 00:54:42,OK,4F20303049204D20453932203920,O 00I M E92 9 
549,2026-09-29 00:54:05,OK,454F20454D412030304F20,EO EMA 00O 
550,2026-09-29 00:53:54,OK,3030303920303235205420,0009 025 T 
551,2026-09-29 00:53:53,OK,5420454920414A4520,T EI AJE 
552,2026-09-29 00:53:50,OK,45453030304D204520,EE000M E 
553,2026-09-29 00:53:47,OK,4130204520544F204F3030303920,A0 E TO O0009 
554,2026-09-29 00:53:46,OK,33492039343949203030304F20,3I 949I 000O 
555,2026-09-29 00:53:34,OK,413020332039203420,A0 3 9 4 
556,2026-09-29 00:53:34,OK,453020332055205654205420,E0 3 U VT T 
557,2026-09-29 00:53:02,OK,3334393934392054303039204A3035303235204D303039204F3020,349949 T009 J05025 M009 O0 
558,2026-09-29 00:53:02,OK,3334393934393230303030303530323530303030303020,3499492000005025000000 
559,2026-09-29 00:52:57,OK,4148203049203130204F20,AH 0I 10 O 
560,2026-09-29 00:52:56,OK,5430353045205730205420,T050E W0 T 
561,2026-09-29 00:52:56,OK,455530353044203130204520,EU050D 10 E 
562,2026-09-29 00:52:55,OK,4F2041303530322045553020,O A0502 EU0 
563,2026-09-29 00:52:38,OK,453939205320412030304720,E99 S A 00G 
564,2026-09-29 00:52:37,OK,4D2034394F20454F20303920,M 49O EO 09 
565,2026-09-29 00:52:37,OK,3439393549452032394520,4995IE 29E 
566,2026-09-29 00:52:34,OK,41532030323530303020384920,AS 025000 8I 
567,2026-09-29 00:52:29,OK,4531204D343939344520,E1 M4994E 
568,2026-09-29 00:52:15,OK,332041393934204F2030304F45204520,3 A994 O 00OE E 
569,2026-09-29 00:51:58,OK,3334393934393230303030303530323530303030303020,3499492000005025000000 
570,2026-09-29 00:51:58,OK,49203439393439323030494520313035204F493235303030204720313020,I 49949200IE 105 OI25000 G 10 
571,2026-09-29 00:51:58,OK,4D303020303745454520,M00 07EEE 
572,2026-09-29 00:51:58,OK,4D3035204741323530303030303020,M05 GA25000000 
573,2026-09-29 00:51:51,OK,4530482045455720452030304720,E0H EEW E 00G 
574,2026-09-29 00:51:44,OK,4520553939204520454F20303035203920,E U99 E EO 005 9 
575,2026-09-29 00:51:33,OK,3130303030205420543030303020,10000 T T0000 
576,2026-09-29 00:51:33,OK,4D2034393920343932303920,M 499 49209 
577,2026-09-29 00:51:32,OK,41394F203439323020,A9O 4920 
578,2026-09-29 00:51:23,OK,454D3520303038204D20414520,EM5 008 M AE 
579,2026-09-29 00:50:54,OK,3334393934393230303030303530323530303030303020,3499492000005025000000 
580,2026-09-29 00:50:54,OK,33343920343932303030303035204E204F3530303030303020,349 492000005 N O5000000 
581,2026-09-29 00:50:54,OK,4545204545204D4545302030303020,EE EE MEE0 000 
582,2026-09-29 00:50:53,OK,5445203030302038494E4520,TE 000 8INE 
583,2026-09-29 00:50:51,OK,4520454545204545204545454545454545204520452049204549204520452045494520,E EEE EE EEEEEEEE E E I EI E E EIE 
584,2026-09-29 00:50:36,OK,4920412054203130302030304520,I A T 100 00E 
585,2026-09-29 00:50:33,OK,452054495441544520495445454520494545204520454545454545205445455420452049204545204920492045452045452049203432203030494555204C20,E TITATE ITEEE IEE E EEEEEE TEET E I EE I I EE EE I 42 00IEU L 
586,2026-09-29 00:50:29,OK,304F4520382054303020,0OE 8 T00 
587,2026-09-29 00:50:29,OK,304520534F20304F20,0E SO 0O 
588,2026-09-29 00:49:59,OK,452034393934394920,E 49949I 
589,2026-09-29 00:49:50,OK,45203439392034394A204741314F4554203030353032532045205420452045204E41204E20323020,E 499 49J GA1OET 00502S E T E E NA N 20 
590,2026-09-29 00:49:50,OK,333439393439323030303030353032353030302030303020,3499492000005025000 000 
591,2026-09-29 00:49:31,OK,4920452045452045492045454520,I E EE EI EEE 
592,2026-09-29 00:49:20,OK,452045204520455420,E E E ET 
593,2026-09-29 00:48:47,OK,413030203030302033205439392034393230303020303020304F482030303030303020,A00 000 3 T99 492000 00 0OH 000000 
594,2026-09-29 00:48:44,OK,54393220303020452030303020304420,T92 00 E 000 0D 
595,2026-09-28 23:19:55,OK,54302047204F20544F20,T0 G O TO 
596,2026-09-28 23:19:11,OK,563030304520303235204520,V000E 025 E 
597,2026-09-28 23:18:52,OK,452049203320412045205420,E I 3 A E T 
598,2026-09-28 23:17:57,OK,493030303020334920503934393247204530204E20,I0000 3I P9492G E0 N 
599,2026-09-28 23:17:04,OK,4F3039203030302049204520533220573030303035455732354720,O09 000 I E S2 W00005EW25G 
600,2026-09-28 23:15:54,OK,33342057204F203130304520,34 W O 100E 
601,2026-09-28 16:23:27,OK,323047204A354F2045203020,20G J5O E 0 
602,2026-09-28 16:23:02,OK,4556205639452045204920,EV V9E E I 
603,2026-09-28 16:22:23,OK,4F2047204545204530203920,O G EE E0 9 
604,2026-09-28 16:22:07,OK,54393220383030203020,T92 800 0 
605,2026-09-28 16:21:51,OK,49454549204D20564F20,IEEI M VO 
606,2026-09-28 13:12:20,OK,49203030302030205620554F20,I 000 0 V UO 
607,2026-09-28 13:11:24,OK,453920544D204A203020,E9 TM J 0 
608,2026-09-28 13:10:47,OK,4D204F20324520454930304D20,M O 2E EI00M 
609,2026-09-28 13:10:17,OK,49203920344F2033344F204F34394920,I 9 4O 34O O49I 
610,2026-09-28 13:09:44,OK,4D3530304F2045203020,M500O E 0 
611,2026-09-28 13:09:24,OK,4D2034394E205A204F205220392047205220,M 49N Z O R 9 G R 
612,2026-09-28 13:05:24,OK,4F3030204E204A30304F20,O00 N J00O 
613,2026-09-28 13:04:24,OK,4C204D203030452045302030304520,L M 00E E0 00E 
614,2026-09-28 13:03:22,OK,4545204549205720453020,EE EI W E0 
615,2026-09-28 11:37:38,OK,31303020333445204520343932303030303020303235303030303020,100 34E E 49200000 02500000 
616,2026-09-28 11:36:48,OK,57303920453030204A32203920,W09 E00 J2 9 
617,2026-09-28 11:36:28,OK,49204F204D204A203020492049204F35303020,I O M J 0 I I O500 
618,2026-09-28 11:36:21,OK,3334393945204120303035204E20,3499E A 005 N 
619,2026-09-28 11:36:05,OK,302045204530452054454520,0 E E0E TEE 
620,2026-09-28 11:35:33,OK,333439393420323030303030353045204530303030303020,34994 20000050E E000000 
621,2026-09-28 11:35:32,OK,3120492057204D4553424520,1 I W MESBE 
622,2026-09-28 11:35:31,OK,4F353030303945204520,O50009E E 
623,2026-09-28 11:35:15,OK,4120572041205520305120,A W A U 0Q 
624,2026-09-28 11:35:12,OK,33205647204E2041393230303020,3 VG N A92000 
625,2026-09-28 11:34:46,OK,41204439344D204120303030204D20,A D94M A 000 M 
626,2026-09-28 11:34:29,OK,3320343939343932303030204D203035303235303030204D3020,3 499492000 M 05025000 M0 
627,2026-09-28 11:34:29,OK,572056393920343932303030203030353032353039382030303020,W V99 492000 005025098 000 
628,2026-09-28 11:34:22,OK,494D2056392039204520454E352030304920,IM V9 9 E EN5 00I 
629,2026-09-28 11:34:04,OK,45203030302033203439204857204E2053204520,E 000 3 49 HW N S E 
630,2026-09-28 11:34:03,OK,5439393437204F203020,T9947 O 0 
631,2026-09-28 11:34:01,OK,4A3220493030304F20,J2 I000O 
632,2026-09-28 11:33:43,OK,54593220303030203720,TY2 000 7 
633,2026-09-28 11:33:26,OK,3348204A3934393230303030203530323530303030303020,3H J94920000 5025000000 
634,2026-09-28 11:33:26,OK,532053204B3035395445203D4E2055303020,S S K059TE =N U00 
635,2026-09-28 11:33:26,OK,3554452045452045413920,5TE EE EA9 
636,2026-09-28 11:33:14,OK,33343939344D20454D3030353032204520,34994M EM00502 E 
637,2026-09-28 11:33:04,OK,4D2045484520553020554520,M EHE U0 UE 
638,2026-09-28 11:33:02,OK,4545205445454520544720,EE TEEE TG 
639,2026-09-28 11:33:02,OK,4545205445454520544D20,EE TEEE TM 
640,2026-09-28 11:32:53,OK,454A304E2049204D203439204520,EJ0N I M 49 E 
641,2026-09-28 11:32:22,OK,464549452045205435303030304720454C20,FEIE E T50000G EL 
642,2026-09-28 11:32:22,OK,3334393934393230303030303530323530303030303020,3499492000005025000000 
643,2026-09-28 11:32:12,OK,5730204A2049205753203820,W0 J I WS 8 
644,2026-09-28 11:32:01,OK,45454545454520454520454520,EEEEEE EE EE 
645,2026-09-28 11:32:01,OK,45454545454520454520454520,EEEEEE EE EE 
646,2026-09-28 11:31:55,OK,454920455320345420,EI ES 4T 
647,2026-09-28 11:31:18,OK,3334393934393230303030303530323530303030303020,3499492000005025000000 
648,2026-09-28 11:30:42,OK,4E205420474554204E20,N T GET N 
649,2026-09-28 11:30:15,OK,3334393934393230303030303530323530303030303020,3499492000005025000000 
650,2026-09-28 11:29:11,OK,333439393439323030303030492030323530303030303020,349949200000I 025000000 
651,2026-09-28 11:28:45,OK,454E20532045304820303235394C20452030303020,EN S E0H 0259L E 000 
652,2026-09-28 11:28:18,OK,4D2034393920343941203920,M 499 49A 9 
653,2026-09-28 11:28:07,OK,3334393920343932304E2054303030353032353039204D30303020,3499 4920N T000502509 M000 
654,2026-09-28 11:27:41,OK,303030203030534520,000 00SE 
655,2026-09-28 11:27:24,OK,4130204520564720572030303020303020,A0 E VG W 000 00 
656,2026-09-28 11:27:03,OK,4F30482045204135303030204441303020,O0H E A5000 DA00 
657,2026-09-28 11:26:39,OK,34394D205520303920,49M U 09 
658,2026-09-28 09:54:59,OK,492045204520484320,I E E HC 
659,2026-09-28 09:51:51,OK,56304F2045205720545320,V0O E W TS 
660,2026-09-28 04:50:09,OK,45412033203445205320304253592030303520304F20,EA 3 4E S 0BSY 005 0O 
661,2026-09-28 04:48:57,OK,454520454920494D20304920,EE EI IM 0I 
662,2026-09-28 04:13:58,OK,4539203439322030303020303035204F4D323520303039,E9 492 000 005 OM25 009
663,2026-09-28 04:13:38,OK,33203439392034393220304E,3 499 492 0N
664,2026-09-28 04:13:29,OK,4530304F2033204520,E00O 3 E 
665,2026-09-28 04:12:47,OK,333439392045534A203030303030355A20,3499 ESJ 000005Z 
666,2026-09-28 04:12:38,OK,332034393920344E205332203030302045,3 499 4N S2 000 E
667,2026-09-28 04:11:59,OK,413845454920333439392055393230304D2045203030353045203030302030303020,A8EEI 3499 U9200M E 0050E 000 000 
668,2026-09-28 04:10:38,OK,3320344F2034393220303030203030352054205453,3 4O 492 000 005 T TS
669,2026-09-28 04:09:59,OK,3035203020452054545445204A2030544A4D4F,05 0 E TTTE J 0TJMO
670,2026-09-28 03:22:53,OK,4120543939343841203030302047412046454520,A T9948A 000 GA FEE 
671,2026-09-28 03:22:03,OK,453020303035203032203130302030303020,E0 005 02 100 000 
672,2026-09-28 03:21:29,OK,303030203334394F20,000 349O 
673,2026-09-28 03:20:49,OK,4520492054204520454A5320303235203020,E I T E EJS 025 0 
674,2026-09-28 00:44:09,OK,452045204520454553454545352045452045494920,E E E EESEEE5 EE EII 
675,2026-09-28 00:43:45,OK,452053494545454520,E SIEEEE 
676,2026-09-28 00:43:32,OK,4A3020452045204520,J0 E E E 
677,2026-09-28 00:42:57,OK,3320342052322030303020303035204D452031534520,3 4 R2 000 005 ME 1SE 
678,2026-09-28 00:42:28,OK,3334393934393220303030303035303248203930302030513020,3499492 00000502H 900 0Q0 
679,2026-09-28 00:41:24,OK,3334393934393230303030303530323530303030303020,3499492000005025000000 
680,2026-09-28 00:40:58,OK,5432492038303030303020,T2I 800000 
681,2026-09-28 00:40:43,OK,542041393934205720303030303035304520,T A994 W 0000050E 
682,2026-09-28 00:40:21,OK,3334393934393230303030303530323530303030303020,3499492000005025000000 
683,2026-09-28 00:39:54,OK,45205730303854204E20,E W008T N 
684,2026-09-28 00:39:17,OK,3334393934393230303030303530323530303030303020,3499492000005025000000 
685,2026-09-28 00:38:13,OK,332054393934393230303030303530323530303030303020,3 T99492000005025000000 
686,2026-09-28 00:38:04,OK,4545452048454545204520,EEE HEEE E 
687,2026-09-28 00:38:04,OK,454549454545532045452053454520,EEIEEES EE SEE 
688,2026-09-28 00:37:09,OK,3334393934393230303030303530323530303030303020,3499492000005025000000 
689,2026-09-28 00:37:09,OK,30452057304F204D3020,0E W0O M0 
690,2026-09-28 00:37:03,OK,45204545494545455320,E EEIEEES 
691,2026-09-28 00:36:45,OK,45532053452045494535454520,ES SE EIE5EE 
692,2026-09-28 00:36:45,OK,53204920454945354520,S I EIE5E 
693,2026-09-28 00:36:44,OK,4D20344745203932304F20,M 4GE 920O 
694,2026-09-28 00:36:26,OK,4D203447452032303030303035204E20,M 4GE 2000005 N 
695,2026-09-28 00:36:06,OK,333439203439323030303030353020413530303030303020,349 4920000050 A5000000 
696,2026-09-28 00:36:05,OK,33204950393439322037203130304F20303235304F3030303920,3 IP9492 7 100O 0250O0009 
697,2026-09-28 00:35:02,OK,3334393934393230303030303530323530303030303020,3499492000005025000000 
698,2026-09-28 00:35:02,OK,33343939343932203030303030353032492030303030304520,3499492 00000502I 00000E 
699,2026-09-28 00:34:12,OK,32203030205520413947204545344F20,2 00 U A9G EE4O 
700,2026-09-28 00:33:58,OK,3334393934393230303030303530323530303030303020,3499492000005025000000 
701,2026-09-28 00:33:58,OK,31353032353030392038573020,15025009 8W0 
702,2026-09-28 00:33:34,OK,3030303030302055393934393230304E20,000000 U9949200N 
703,2026-09-28 00:32:54,OK,30393020333439392034393230303030303530323530303030303020,090 3499 492000005025000000 
704,2026-09-28 00:32:35,OK,55204F203030302047454520,U O 000 GEE 
705,2026-09-28 00:31:41,OK,54203334393934393220303030303035303235304D20,T 3499492 0000050250M 
706,2026-09-28 00:31:34,OK,492045204545545520,I E EETU 
707,2026-09-27 23:02:24,OK,4F30303020492037205320304F3720304920,O000 I 7 S 0O7 0I 
708,2026-09-27 23:01:52,OK,4A3520492052203320454520454520,J5 I R 3 EE EE 
709,2026-09-27 23:00:19,OK,57203449452030304F20,W 4IE 00O 
710,2026-09-27 17:42:20,OK,4520454120304F2045204520,E EA 0O E E 
711,2026-09-27 17:41:19,OK,47204D552045204F482030304D4920,G MU E OH 00MI 
712,2026-09-27 17:23:06,OK,332034393920343932204F2045204A2030303520303235,3 499 492 O E J 005 025
713,2026-09-27 17:22:06,OK,5439392048455454204D20542330302030303520392045452045205739,T99 HETT M T#00 005 9 EE E W9
714,2026-09-27 17:21:46,OK,33203439392048455454204D2054,3 499 HETT M T
715,2026-09-27 17:21:06,OK,413932203030302023454F20414F323520303030204F,A92 000 #EO AO25 000 O
716,2026-09-27 17:20:46,OK,332053204120452041393220303054,3 S A E A92 00T
717,2026-09-27 17:20:06,OK,3220303030205454204A352030323520303030204D4520234F,2 000 TT J5 025 000 ME #O
718,2026-09-27 16:46:03,OK,452030304F2049334520,E 00O I3E 
719,2026-09-27 16:45:48,OK,31305120303035204220,10Q 005 B 
720,2026-09-27 16:45:00,OK,452049203853362030305820,E I 8S6 00X 
721,2026-09-27 16:44:34,OK,45204D204139392034394A20364520,E M A99 49J 6E 
722,2026-09-27 12:58:30,OK,4D20542045454F20305349204541203030203920,M T EEO 0SI EA 00 9 
723,2026-09-27 12:57:41,OK,3320343939343932303030303035303235203030302030303020,3 499492000005025 000 000 
724,2026-09-27 12:56:37,OK,3334393934393230303030303530323530303030303020,3499492000005025000000 
725,2026-09-27 12:55:34,OK,3334393920343932303030303035304A3530303030303020,3499 4920000050J5000000 
726,2026-09-27 12:55:33,OK,4A3020392053205420,J0 9 S T 
727,2026-09-27 12:54:46,OK,45205420553030203920,E T U00 9 
728,2026-09-27 12:54:30,OK,55204A39343932303030205420303530323530303039203020,U J9492000 T 050250009 0 
729,2026-09-27 12:53:26,OK,333439393439324F204F303030353032353920543030303020,3499492O O00050259 T0000 
730,2026-09-27 12:52:59,OK,453939342047204D204F54554E204120,E994 G M OTUN A 
731,2026-09-27 12:52:53,OK,5520553939342041204F20303030204F3035304120313020,U U994 A O 000 O050A 10 
732,2026-09-27 12:52:23,OK,4D3530303030303020,M5000000 
733,2026-09-27 12:52:06,OK,4F3020333439204732303030303035204D20,O0 349 G2000005 M 
734,2026-09-27 12:51:13,OK,313530323530303020,15025000 
735,2026-09-27 12:50:56,OK,5530303030204A39343230304F20,U0000 J94200O 
736,2026-09-27 12:50:03,OK,4A303020492030324820,J00 I 02H 
737,2026-09-27 12:49:45,OK,572045203934394520,W E 949E 
738,2026-09-27 12:49:10,OK,452049205735304F204D2030304E20,E I W50O M 00N 
739,2026-09-27 12:48:45,OK,45203030302054203020,E 000 T 0 
740,2026-09-27 12:48:28,OK,41303038204D35204720,A008 M5 G 
741,2026-09-27 12:47:21,OK,54204120303030305420,T A 0000T 
742,2026-09-27 12:46:37,OK,4A42204D2030304420,JB M 00D 
743,2026-09-27 12:46:09,OK,4F204F303920454120543932204520,O O09 EA T92 E 
744,2026-09-27 11:19:56,OK,452030452041205420,E 0E A T 
745,2026-09-27 11:19:20,OK,452047204D20452045205420,E G M E E T 
746,2026-09-27 11:19:04,OK,5320492055522030204F20,S I UR 0 O 
747,2026-09-27 11:18:43,OK,33203439203439322030303020304E204F4520304F4554454120,3 49 492 000 0N OE 0OETEA 
748,2026-09-27 11:18:26,OK,343020392045204E304420,40 9 E N0D 
749,2026-09-27 11:18:26,OK,42204420454920454550454520,B D EI EEPEE 
750,2026-09-27 11:18:20,OK,412045204A20302030304920,A E J 0 00I 
751,2026-09-27 11:17:45,OK,332045204A3934393420303030304F54353032352030303030303020,3 E J9494 0000OT5025 000000 
752,2026-09-27 11:17:35,OK,45534520452054424520303253203820,ESE E TBE 02S 8 
753,2026-09-27 11:17:16,OK,552045205420555320,U E T US 
754,2026-09-27 11:17:16,OK,45204533392034393420,E E39 494 
755,2026-09-27 11:17:02,OK,333439204F2054303030354F20,349 O T0005O 
756,2026-09-27 11:16:41,OK,454545204845204520,EEE HE E 
757,2026-09-27 11:16:41,OK,333454393439204D30303020323035303248204A3030303020,34T949 M000 20502H J0000 
758,2026-09-27 11:16:41,OK,4530205420454545454520,E0 T EEEEE 
759,2026-09-27 11:16:32,OK,544E20324E20414520,TN 2N AE 
760,2026-09-27 11:16:27,OK,494544554E2045344E4554492039204520,IEDUN E4NETI 9 E 
761,2026-09-27 11:16:13,OK,454F4552204A2054393220,EOER J T92 
762,2026-09-27 11:16:10,OK,492054205220485420,I T R HT 
763,2026-09-27 11:15:38,OK,3135303220303030204D3020,1502 000 M0 
764,2026-09-27 11:15:37,OK,454E4B20452045204520,ENK E E E 
765,2026-09-27 11:15:24,OK,452045452045554620,E EE EUF 
766,2026-09-27 11:15:23,OK,352035492045204533302030304920304920,5 5I E E30 00I 0I 
767,2026-09-27 11:15:15,OK,4F20454D2030303920,O EM 009 
768,2026-09-27 11:15:03,OK,3320314E204920333449454545204520,3 1N I 34IEEE E 
769,2026-09-27 11:14:28,OK,49204F204930204520,I O I0 E 
770,2026-09-27 11:14:10,OK,5430204D20572030304520,T0 M W 00E 
771,2026-09-27 11:13:03,OK,5720343939204139322030303020303035203032532030303030303020,W 499 A92 000 005 02S 000000 
772,2026-09-27 11:10:54,LOST,,
773,2026-09-27 08:27:28,OK,45204520454849204520,E E EHI E 
774,2026-09-27 06:47:28,OK,452054203147203320,E T 1G 3 
775,2026-09-27 03:57:29,OK,41303020544545205435203032352030452045204F54204F4520572049,A00 TEE T5 025 0E E OT OE W I
776,2026-09-27 03:57:09,OK,3320343939203439322030303020544545205435,3 499 492 000 TEE T5
777,2026-09-27 03:56:25,OK,452045454545562030303020,E EEEEV 000 
778,2026-09-27 03:56:09,OK,3320344D2039203439322030303020303049452054205432,3 4M 9 492 000 00IE T T2
779,2026-09-27 03:56:07,OK,3320454A58204A303030303020,3 EJX J00000 
780,2026-09-27 03:55:21,OK,31303030304D4520333439393439323030303030353032353030302059303020,10000ME 3499492000005025000 Y00 
781,2026-09-27 03:55:09,OK,542034393920343932203030302030303520303235203054,T 499 492 000 005 025 0T
782,2026-09-27 03:53:49,OK,3320344F204F20343932203047,3 4O O 492 0G
783,2026-09-27 02:02:03,OK,54442052204520564F20,TD R E VO 
784,2026-09-27 02:01:08,OK,33345A204554303030303020,34Z ET00000 
785,2026-09-27 02:00:31,OK,55343939532050323030302030303530322030303030303020,U499S P2000 00502 000000 
786,2026-09-27 01:59:28,OK,4D303030352047203235303920542030303020,M0005 G 2509 T 000 
787,2026-09-27 01:59:00,OK,412033344F204E3439324720,A 34O N492G 
788,2026-09-27 01:59:00,OK,45204E2049204D204F205520,E N I M O U 
789,2026-09-27 01:58:21,OK,4520343939344F204F20303030204D2030353032354D20453030304F20,E 4994O O 000 M 05025M E000O 
790,2026-09-27 01:57:20,OK,31304820304F35303058205420333020,10H 0O500X T 30 
791,2026-09-27 01:56:58,OK,30303030203932303030204E20,0000 92000 N 
792,2026-09-27 01:56:55,OK,3334393720343932303920,3497 49209 
793,2026-09-27 01:56:16,OK,30323530303030304F20,02500000O 
794,2026-09-27 01:55:59,OK,4959203320454520553030303020,IY 3 EE U0000 
795,2026-09-27 01:55:56,OK,53204E39343932303030305420,S N94920000T 
796,2026-09-27 01:55:47,OK,4545205A49204D575820,EE ZI MWX 
797,2026-09-27 01:55:27,OK,41204539205530302054204520,A E9 U00 T E 
798,2026-09-27 01:55:13,OK,33343939352049323030303030353046452031303030303020,34995 I20000050FE 100000 
799,2026-09-27 01:55:13,OK,4F204545452045204A20,O EEE E J 
800,2026-09-27 01:55:00,OK,3020333439205720303035303220,0 349 W 00502 
801,2026-09-27 01:54:45,OK,4D20383220352030323520303030204D45303020,M 82 5 025 000 ME00 
802,2026-09-27 01:54:38,OK,454520542045203320414F20,EE T E 3 AO 
803,2026-09-27 01:54:12,OK,4D2030394F204D2055395A20,M 09O M U9Z 
804,2026-09-27 01:54:09,OK,333439393439323031302045454F303530323530303030303020,3499492010 EEO05025000000 
805,2026-09-27 01:54:02,OK,412034393934205535303248203053494120,A 4994 U502H 0SIA 
806,2026-09-27 01:53:19,OK,4920414D4520494D4920,I AME IMI 
807,2026-09-27 01:53:06,OK,3320343939203439323030302030302045204C323530303030303020,3 499 492000 00 E L25000000 
808,2026-09-27 01:53:03,OK,45204F302047204D20,E O0 G M 
809,2026-09-27 01:52:55,OK,45554E20454A4A3520,EUN EJJ5 
810,2026-09-27 01:52:37,OK,4520392034393220494520,E 9 492 IE 
811,2026-09-27 01:52:02,OK,4130302030304820394920452030303030303020,A00 00H 9I E 000000 
812,2026-09-27 01:51:32,OK,453020333439392034394920,E0 3499 49I 
813,2026-09-27 01:50:52,OK,304520304F2030304741204520,0E 0O 00GA E 
814,2026-09-27 00:26:15,OK,452045542051484520454920494545534520454545204C50204545204553204520,E ET QHE EI IEESE EEE LP EE ES E 
815,2026-09-27 00:25:49,OK,33343939353932204845455337585353203520534553205520454520454545454C5320,3499592 HEES7XSS 5 SES U EE EEEELS 
816,2026-09-27 00:25:21,OK,31302030392053323539204F303030474520,10 09 S259 O000GE 
817,2026-09-27 00:24:52,OK,33344520452055393220,34E E U92 
818,2026-09-27 00:24:45,OK,333439393439323030303030352030323530303030303020,3499492000005 025000000 
819,2026-09-27 00:24:18,OK,3530323530303030304D20,502500000M 
820,2026-09-27 00:23:42,OK,3334393934393230303030303530323530303030303020,3499492000005025000000 
821,2026-09-27 00:23:03,OK,47204A4520543020453235204D20,G JE T0 E25 M 
822,2026-09-27 00:22:38,OK,3334393934393230303030303530323530303030303020,3499492000005025000000 
823,2026-09-27 00:21:34,OK,333439393439323030303030353032354E57303030303020,3499492000005025NW00000 
824,2026-09-27 00:20:59,OK,452049204545204520,E I EE E 
825,2026-09-27 00:20:59,OK,452049204545204520,E I EE E 
826,2026-09-27 00:20:30,OK,45554E49412030303020,EUNIA 000 
827,2026-09-27 00:20:30,OK,3334393934393230303030303530323530303030303020,3499492000005025000000 
828,2026-09-27 00:20:11,OK,455545303920305A20,EUE09 0Z 
829,2026-09-27 00:19:56,OK,452045493030204520543820,E EI00 E T8 
830,2026-09-27 00:19:41,OK,4F2054393230303020,O T92000 
831,2026-09-27 00:19:27,OK,33205439393439323030303035303235303030304F3020,3 T99492000050250000O0 
832,2026-09-27 00:19:24,OK,493030303030204620,I00000 F 
833,2026-09-27 00:19:12,OK,33203439392045563035203920,3 499 EV05 9 
834,2026-09-27 00:19:09,OK,3334394F204520323020,349O E 20 
835,2026-09-27 00:18:44,OK,30303030304820454A20,00000H EJ 
836,2026-09-27 00:18:23,OK,3334393934204F30303030303530324820303030303020,34994 O00000502H 00000 
837,2026-09-27 00:18:23,OK,5538204F3530304F2049303920,U8 O500O I09 
838,2026-09-27 00:18:23,OK,4A304720312033205545575420,J0G 1 3 UEWT 
839,2026-09-27 00:18:17,OK,45204520454F352030304F20,E E EO5 00O 
840,2026-09-27 00:18:11,OK,45204520452045204520,E E E E E 
841,2026-09-27 00:17:58,OK,5220544720543932303920,R TG T9209 
842,2026-09-27 00:17:19,OK,413030303020544F20,A0000 TO 
843,2026-09-27 00:17:19,OK,4D3439393439323030302030303530323530303030313020,M499492000 005025000010 
844,2026-09-27 00:17:19,OK,4F303020385545203334393934393220392033303035303235304F45452032303020,O00 8UE 3499492 9 30050250OEE 200 
845,2026-09-27 00:17:17,OK,4545204520304F204520,EE E 0O E 
846,2026-09-27 00:16:35,OK,33203451452045303020303049205420,3 4QE E00 00I T 
847,2026-09-27 00:16:15,OK,54303020333439394920503230303030303530325330303030303020,T00 3499I P200000502S000000 
848,2026-09-27 00:15:57,OK,30302041205420494F2030304520303020,00 A T IO 00E 00 
849,2026-09-27 00:15:04,OK,33203439393439323039204A30303530323530305420,3 49949209 J00502500T 
850,2026-09-27 00:15:00,OK,454A2054535320455730353032204520,EJ TSS EW0502 E 
851,2026-09-26 19:39:33,OK,303030304920303220,0000I 02 
852,2026-09-26 19:39:17,OK,30303030303020333439392034394520,000000 3499 49E 
853,2026-09-26 19:38:27,OK,33343939344520303030303049203920,34994E 00000I 9 
854,2026-09-26 19:37:39,OK,33343939343932303030303035304F3530303030303020,34994920000050O5000000 
855,2026-09-26 19:36:35,OK,3334393934393230303030303530323530303030303020,3499492000005025000000 
856,2026-09-26 19:35:32,OK,33204A3934393230303030303530323530303030303020,3 J9492000005025000000 
857,2026-09-26 19:34:27,OK,332054393820544F20304420302030303520304F35303054204D20303020,3 T98 TO 0D 0 005 0O500T M 00 
858,2026-09-26 19:33:24,OK,4D4A5320494F30303030204520,MJS IO0000 E 
859,2026-09-26 19:33:06,OK,4A205320544D45204F2031303020303020,J S TME O 100 00 
860,2026-09-26 19:32:14,OK,54204F20304F20303020,T O 0O 00 
